ticker,date,close,previous_high,pullback,pullback_zone,sma50,dist_sma50,ret_5d,ret_10d,ret_20d,volume_ratio,close_location,cross_sma50,institutional_score,falling_score,falling_risk,confirmation_sma50,confirmation_institutional,confirmation_volume,confirmations_total,revenue_yoy,eps_growth_yoy,growth_class,fundamentals_ok,signal,initial_weight,confirmation_weight,cash_weight,needs_confirmation,confirmation_trigger,confirmation_executed,effective_weight,current_cash_weight,reason,run_timestamp
UBER,2026-08-14,75.94999694824219,100.0999984741211,0.2412587601799256,True,72.25399993896484,0.0511528360007678,0.012396698837519,0.0794484975753142,0.0481644756812782,0.4816947798024514,0.280190476892514,False,,1,BAIXO,True,False,False,1,0.1437861271676299,0.857142857142857,CRESCIMENTO_FORTE,True,ENTRADA_FORTE,1.0,0.0,0.0,False,,False,1.0,0.0,fundamentos aprovados | queda 24.1% | Falling Score 1 | 1 confirmações | queda estabilizada,2026-08-17 02:31:59.315015+00:00
PYPL,2026-08-14,61.65999984741211,91.02171325683594,0.3225792215817108,False,50.05260009765625,0.2319040315010405,0.0438462868794433,0.0777836188455249,0.09016970209144,1.224912575388174,0.7811443573329497,False,,0,BAIXO,True,False,False,1,0.118701550387597,-0.0620155038759689,NAO_APROVADO,False,AGUARDAR,0.0,0.0,1.0,False,,False,0.0,1.0,fundamentos não aprovados | queda 32.3% | Falling Score 0 | 1 confirmações | condições insuficientes para entrada,2026-08-17 02:31:59.315015+00:00
CVX,2026-08-14,200.0,209.23358154296875,0.044130495090113,False,183.9932000732421,0.0869966929233581,0.0720411804099916,0.0161052590532728,0.0673497427064324,1.0090955785470683,0.501528210057722,False,,0,BAIXO,True,False,False,1,0.5143436619718309,3.2137931034482765,CRESCIMENTO_FORTE,True,AGUARDAR,0.0,0.0,1.0,False,,False,0.0,1.0,fundamentos aprovados | queda 4.4% | Falling Score 0 | 1 confirmações | condições insuficientes para entrada,2026-08-17 02:31:59.315015+00:00
V,2026-08-14,364.1499938964844,369.7830505371094,0.0152334095152359,False,347.87827453613284,0.046774175196909,0.0064178980858735,-0.0035602204941737,0.0174768601715606,1.2217873553992449,0.3440573491864452,False,,0,BAIXO,True,False,False,1,0.1705232436939754,,SEM_DADOS,False,AGUARDAR,0.0,0.0,1.0,False,,False,0.0,1.0,fundamentos não aprovados | queda 1.5% | Falling Score 0 | 1 confirmações | condições insuficientes para entrada,2026-08-17 02:31:59.315015+00:00
NKE,2026-08-14,40.72999954223633,115.98971557617188,0.6488481815830609,False,42.838999862670896,-0.0492308486938396,-0.0232614197351576,-0.0234955541536118,-0.069241291030989,1.1524951347615453,0.0322586599397034,False,,1,BAIXO,True,False,False,1,0.001921872638148,-0.0277777777777777,NAO_APROVADO,False,AGUARDAR,0.0,0.0,1.0,False,,False,0.0,1.0,fundamentos não aprovados | queda 64.9% | Falling Score 1 | 1 confirmações | condições insuficientes para entrada,2026-08-17 02:31:59.315015+00:00
NOW,2026-08-14,124.0,234.0780029296875,0.4702620560324619,False,107.64900039672852,0.1518917922415599,-0.0070467430555126,0.1148071226977121,0.2010848756857235,0.5952894658266548,0.2824078761776708,False,,1,BAIXO,True,False,False,1,0.2401244167962675,-0.2162162162162162,NAO_APROVADO,False,AGUARDAR,0.0,0.0,1.0,False,,False,0.0,1.0,fundamentos não aprovados | queda 47.0% | Falling Score 1 | 1 confirmações | condições insuficientes para entrada,2026-08-17 02:31:59.315015+00:00
NFLX,2026-08-14,78.16000366210938,133.91299438476562,0.4163374210157972,False,74.84139938354492,0.0443418255925087,0.0542218007223536,0.089945679263484,0.1335751576723165,0.6045715900184597,0.4123721881390593,False,,1,BAIXO,True,False,False,1,0.1336537425289954,0.1111111111111111,CRESCIMENTO_FORTE,True,AGUARDAR,0.0,0.0,1.0,False,,False,0.0,1.0,fundamentos aprovados | queda 41.6% | Falling Score 1 | 1 confirmações | condições insuficientes para entrada,2026-08-17 02:31:59.315015+00:00
QCOM,2026-08-14,165.7899932861328,250.0962829589844,0.3370953325470964,False,183.87080017089843,-0.0983343024991485,-0.0123317485803172,0.1231623372441497,-0.0348702150176402,0.4805213029427604,0.688652961969869,False,,1,BAIXO,True,False,False,1,-0.0403280270139894,-0.2304526748971194,NAO_APROVADO,False,AGUARDAR,0.0,0.0,1.0,False,,False,0.0,1.0,fundamentos não aprovados | queda 33.7% | Falling Score 1 | 1 confirmações | condições insuficientes para entrada,2026-08-17 02:31:59.315015+00:00
UNH,2026-08-14,401.7300109863281,599.775634765625,0.3301995151181615,False,414.8671667480469,-0.0316659326518772,-0.0131423203360742,-0.030574283534669,-0.0571709863196246,0.7290574049055559,0.7809693717615386,False,,1,BAIXO,True,False,False,1,0.0037270642201834,0.6149732620320856,NAO_APROVADO,False,AGUARDAR,0.0,0.0,1.0,False,,False,0.0,1.0,fundamentos não aprovados | queda 33.0% | Falling Score 1 | 1 confirmações | condições insuficientes para entrada,2026-08-17 02:31:59.315015+00:00
MELI,2026-08-14,1844.5799560546875,2613.6298828125,0.2942459189861443,True,1755.2153955078124,0.0509137287512342,0.0131214074978551,-0.0218218010214981,-0.0156360325910822,0.5842609034605223,0.2925286213459845,False,,1,BAIXO,True,False,False,1,0.468873620653758,-0.1086323957322988,NAO_APROVADO,False,AGUARDAR,0.0,0.0,1.0,False,,False,0.0,1.0,fundamentos não aprovados | queda 29.4% | Falling Score 1 | 1 confirmações | condições insuficientes para entrada,2026-08-17 02:31:59.315015+00:00
MU,2026-08-14,971.6599731445312,1213.3734130859375,0.1992077931942347,False,960.6536303710938,0.0114571396239722,0.1072164784974822,0.1805887252675733,0.1445432112292319,0.6347757318656403,0.5561139469784291,True,,1,BAIXO,True,False,False,1,3.457155144608107,13.68452380952381,CRESCIMENTO_FORTE,True,AGUARDAR,0.0,0.0,1.0,False,,False,0.0,1.0,fundamentos aprovados | queda 19.9% | Falling Score 1 | 1 confirmações | condições insuficientes para entrada,2026-08-17 02:31:59.315015+00:00
CAT,2026-08-14,856.5700073242188,1062.92822265625,0.1941412514349685,False,911.4767236328124,-0.0602392961717724,0.0170745376234895,0.0512512240776992,-0.0251294787188653,0.6025014597947854,0.313006687990695,False,,1,BAIXO,True,False,False,1,0.2481436225209137,0.6818181818181817,CRESCIMENTO_FORTE,True,AGUARDAR,0.0,0.0,1.0,False,,False,0.0,1.0,fundamentos aprovados | queda 19.4% | Falling Score 1 | 1 confirmações | condições insuficientes para entrada,2026-08-17 02:31:59.315015+00:00
MCD,2026-08-14,272.8299865722656,336.88055419921875,0.19012842038094,False,273.6261999511719,-0.0029098579706487,-0.0060114556543962,0.0080918260615412,0.0191251551328319,0.5934564119043018,0.3832910936820479,False,,1,BAIXO,True,False,False,1,0.037410492474061,0.0573248407643312,NAO_APROVADO,False,AGUARDAR,0.0,0.0,1.0,False,,False,0.0,1.0,fundamentos não aprovados | queda 19.0% | Falling Score 1 | 1 confirmações | condições insuficientes para entrada,2026-08-17 02:31:59.315015+00:00
F,2026-08-14,14.369999885559082,17.253143310546875,0.1671082986498653,False,14.090342102050782,0.0198474800315597,0.0390295013870471,-0.0105155773806044,0.0207752453262117,0.934680638764938,0.8627455013622602,True,,1,BAIXO,True,False,False,1,0.0637989129098108,4.25,NAO_APROVADO,False,AGUARDAR,0.0,0.0,1.0,False,,False,0.0,1.0,fundamentos não aprovados | queda 16.7% | Falling Score 1 | 1 confirmações | condições insuficientes para entrada,2026-08-17 02:31:59.315015+00:00
WMT,2026-08-14,115.2699966430664,134.1999969482422,0.1410581276874144,False,114.48799942016602,0.0068303859518978,0.0305766492230807,0.0366007176845391,0.009016095925747,0.6547425347047484,0.3480652503793626,False,,1,BAIXO,True,False,False,1,0.0713680243442838,0.1964285714285714,NAO_APROVADO,False,AGUARDAR,0.0,0.0,1.0,False,,False,0.0,1.0,fundamentos não aprovados | queda 14.1% | Falling Score 1 | 1 confirmações | condições insuficientes para entrada,2026-08-17 02:31:59.315015+00:00
DIS,2026-08-14,106.8499984741211,122.2399444580078,0.1258994844289503,False,98.9302653503418,0.0800536933337148,0.0184919906995713,0.1108222867465704,0.0939899710993812,0.6997098776451671,0.8818170468653549,False,,1,BAIXO,True,False,False,1,0.067568710359408,-0.482876712328767,NAO_APROVADO,False,AGUARDAR,0.0,0.0,1.0,False,,False,0.0,1.0,fundamentos não aprovados | queda 12.6% | Falling Score 1 | 1 confirmações | condições insuficientes para entrada,2026-08-17 02:31:59.315015+00:00
BA,2026-08-14,231.6699981689453,264.2699890136719,0.1233586566768276,False,221.3059994506836,0.0468310788861883,-0.0117310810574193,0.0718515722362893,0.0824183501857533,0.4286458177271325,0.5042251947114145,False,,1,BAIXO,True,False,False,1,-0.2429420431734353,,SEM_DADOS,False,AGUARDAR,0.0,0.0,1.0,False,,False,0.0,1.0,fundamentos não aprovados | queda 12.3% | Falling Score 1 | 1 confirmações | condições insuficientes para entrada,2026-08-17 02:31:59.315015+00:00
PFE,2026-08-14,26.790000915527344,30.51685333251953,0.1221244004545107,False,24.87863368988037,0.0768276606132289,0.0011211018829935,0.0711715581909488,0.0881702412894596,0.5702615674156502,0.7400016784667969,False,,1,BAIXO,True,False,False,1,-0.4453389692024446,,SEM_DADOS,False,AGUARDAR,0.0,0.0,1.0,False,,False,0.0,1.0,fundamentos não aprovados | queda 12.2% | Falling Score 1 | 1 confirmações | condições insuficientes para entrada,2026-08-17 02:31:59.315015+00:00
COST,2026-08-14,961.0999755859376,1092.5828857421875,0.1203413597925197,False,949.554013671875,0.0121593524410632,0.0140110655600205,0.0096754465282435,0.0231254577426536,0.6206352842159093,0.4402078888692834,False,,1,BAIXO,True,False,False,1,0.1158452654062178,0.1518691588785046,CRESCIMENTO_FORTE,True,AGUARDAR,0.0,0.0,1.0,False,,False,0.0,1.0,fundamentos aprovados | queda 12.0% | Falling Score 1 | 1 confirmações | condições insuficientes para entrada,2026-08-17 02:31:59.315015+00:00
AMD,2026-08-14,514.3900146484375,580.9099731445312,0.1145099267895397,False,510.400200805664,0.0078170303155751,0.0641965206828321,0.0803108710325144,0.0375786762058925,0.8838281576669518,0.9911036376754252,True,,1,BAIXO,True,False,False,1,0.5011060507482108,1.5555555555555554,CRESCIMENTO_FORTE,True,AGUARDAR,0.0,0.0,1.0,False,,False,0.0,1.0,fundamentos aprovados | queda 11.5% | Falling Score 1 | 1 confirmações | condições insuficientes para entrada,2026-08-17 02:31:59.315015+00:00
AAPL,2026-08-14,305.92999267578125,339.78692626953125,0.0996416606296778,False,308.95068115234375,-0.0097772513894313,-0.0227752026398007,-0.0087927779916253,-0.0825377190715328,0.5183635558974528,0.5109729264326031,False,,1,BAIXO,True,False,False,1,0.1635650176528138,0.286624203821656,CRESCIMENTO_FORTE,True,AGUARDAR,0.0,0.0,1.0,False,,False,0.0,1.0,fundamentos aprovados | queda 10.0% | Falling Score 1 | 1 confirmações | condições insuficientes para entrada,2026-08-17 02:31:59.315015+00:00
XOM,2026-08-14,160.10000610351562,170.31399536132812,0.0599715204622092,False,147.5687997436523,0.0849177223209225,0.0461318160422483,0.0299794363671987,0.0864549772013851,0.7106529859042199,0.4228897644370554,False,,1,BAIXO,True,False,False,1,0.4234166809805413,1.1219512195121952,CRESCIMENTO_FORTE,True,AGUARDAR,0.0,0.0,1.0,False,,False,0.0,1.0,fundamentos aprovados | queda 6.0% | Falling Score 1 | 1 confirmações | condições insuficientes para entrada,2026-08-17 02:31:59.315015+00:00
MA,2026-08-14,569.2899780273438,595.2506713867188,0.0436130433904358,False,528.8596759033203,0.0764480711352522,0.0112620404704439,-0.0066480504639673,0.0472590205945382,0.8253783915917058,0.7784896935496513,False,,1,BAIXO,True,False,False,1,0.1713519039100435,0.221130221130221,CRESCIMENTO_FORTE,True,AGUARDAR,0.0,0.0,1.0,False,,False,0.0,1.0,fundamentos aprovados | queda 4.4% | Falling Score 1 | 1 confirmações | condições insuficientes para entrada,2026-08-17 02:31:59.315015+00:00
LLY,2026-08-14,1180.1600341796875,1233.7921142578125,0.0434693004261802,False,1167.900048828125,0.0104974611173827,-0.0032544156944367,0.0287343993240993,0.0023248274548604,0.8448682647310912,0.3223045780677796,False,,1,BAIXO,True,False,False,1,0.4766679521789432,0.2623211446740858,CRESCIMENTO_FORTE,True,AGUARDAR,0.0,0.0,1.0,False,,False,0.0,1.0,fundamentos aprovados | queda 4.3% | Falling Score 1 | 1 confirmações | condições insuficientes para entrada,2026-08-17 02:31:59.315015+00:00
GM,2026-08-14,86.7699966430664,90.3000030517578,0.0390919854860701,False,81.8415998840332,0.0602187245363796,-0.0092487459585901,-0.0235201885317305,0.1406598789426603,0.4922383275506789,0.6019377203638411,False,,1,BAIXO,True,False,False,1,0.0208309034500455,-0.2617801047120419,NAO_APROVADO,False,AGUARDAR,0.0,0.0,1.0,False,,False,0.0,1.0,fundamentos não aprovados | queda 3.9% | Falling Score 1 | 1 confirmações | condições insuficientes para entrada,2026-08-17 02:31:59.315015+00:00
GE,2026-08-14,368.3800048828125,381.2200012207031,0.0336813291453116,False,356.2527758789063,0.0340410793262937,-0.0045935520728872,0.0230788385301727,0.0560445462348369,0.8591694579339599,0.9568248085211286,False,,1,BAIXO,True,False,False,1,0.1558441558441559,0.1957671957671958,CRESCIMENTO_FORTE,True,AGUARDAR,0.0,0.0,1.0,False,,False,0.0,1.0,fundamentos aprovados | queda 3.4% | Falling Score 1 | 1 confirmações | condições insuficientes para entrada,2026-08-17 02:31:59.315015+00:00
JNJ,2026-08-14,260.3500061035156,267.239990234375,0.0257820101131448,False,251.3097998046875,0.0359723588409763,0.0042818080194226,0.0156036664901999,0.0288887646670017,0.663396647644279,0.466669858062663,False,,1,BAIXO,True,False,False,1,0.065998399528282,-0.0087336244541484,NAO_APROVADO,False,AGUARDAR,0.0,0.0,1.0,False,,False,0.0,1.0,fundamentos não aprovados | queda 2.6% | Falling Score 1 | 1 confirmações | condições insuficientes para entrada,2026-08-17 02:31:59.315015+00:00
JPM,2026-08-14,362.8399963378906,365.1799926757813,0.0064077889939828,False,338.791650390625,0.0709826996017699,0.0148803073609831,0.0314107493805007,0.0637349453103717,0.7421836310211628,0.3123572697284953,False,,1,BAIXO,True,False,False,1,0.0275462389330689,0.4694656488549618,NAO_APROVADO,False,AGUARDAR,0.0,0.0,1.0,False,,False,0.0,1.0,fundamentos não aprovados | queda 0.6% | Falling Score 1 | 1 confirmações | condições insuficientes para entrada,2026-08-17 02:31:59.315015+00:00
AVGO,2026-08-14,392.989990234375,480.8090515136719,0.1826485192049254,False,390.3288507080078,0.0068176859628497,-0.0812839413163023,0.0095303932046648,0.0597578525591833,1.6543432207557742,0.1870829264322916,False,,2,MODERADO,True,False,True,2,0.4787390029325513,0.8543689320388348,CRESCIMENTO_FORTE,True,AGUARDAR,0.0,0.0,1.0,False,,False,0.0,1.0,fundamentos aprovados | queda 18.3% | Falling Score 2 | 2 confirmações | condições insuficientes para entrada,2026-08-17 02:31:59.315015+00:00
ADBE,2026-08-14,264.0199890136719,634.760009765625,0.5840632917137344,False,230.5265991210937,0.1452907821495441,-0.0044870196438576,0.054350805289421,0.1128345163906086,0.5360356747864977,0.2003392582108812,False,,2,MODERADO,True,False,False,1,0.126851694193768,0.0786802030456852,NAO_APROVADO,False,AGUARDAR,0.0,0.0,1.0,False,,False,0.0,1.0,fundamentos não aprovados | queda 58.4% | Falling Score 2 | 1 confirmações | condições insuficientes para entrada,2026-08-17 02:31:59.315015+00:00
ORCL,2026-08-14,150.52000427246094,324.6300048828125,0.5363336659937,False,152.0817073059082,-0.0102688420659687,0.0238062841673825,0.1590052354790652,0.190728580902481,0.6600583534624712,0.2266142359142612,False,,2,MODERADO,True,False,False,1,0.1734873429850694,0.3433179723502304,CRESCIMENTO_FORTE,True,AGUARDAR,0.0,0.0,1.0,False,,False,0.0,1.0,fundamentos aprovados | queda 53.6% | Falling Score 2 | 1 confirmações | condições insuficientes para entrada,2026-08-17 02:31:59.315015+00:00
CRM,2026-08-14,196.2100067138672,363.21923828125,0.459802824205207,False,172.45709655761718,0.1377322860605754,0.0180035338892121,0.0662428114247712,0.1489723124959177,0.68696252340304,0.0980176988770993,False,,2,MODERADO,True,False,False,1,0.1326686336351612,0.5220125786163521,CRESCIMENTO_FORTE,True,AGUARDAR,0.0,0.0,1.0,False,,False,0.0,1.0,fundamentos aprovados | queda 46.0% | Falling Score 2 | 1 confirmações | condições insuficientes para entrada,2026-08-17 02:31:59.315015+00:00
SOFI,2026-08-14,18.290000915527344,32.209999084472656,0.4321638796834263,False,17.489199962615967,0.0457883124798805,-0.0048965315205979,0.1213980082414771,0.0584490849969927,0.464999088504669,0.0333341810459926,False,,2,MODERADO,True,False,False,1,0.0111067219698466,0.5,NAO_APROVADO,False,AGUARDAR,0.0,0.0,1.0,False,,False,0.0,1.0,fundamentos não aprovados | queda 43.2% | Falling Score 2 | 1 confirmações | condições insuficientes para entrada,2026-08-17 02:31:59.315015+00:00
HOOD,2026-08-14,95.55999755859376,152.4600067138672,0.3732126895551161,False,99.09340042114258,-0.0356572975347704,0.0243326896858093,0.103974124928871,-0.0440176227108667,0.7543174014947392,0.0402803850813009,False,,2,MODERADO,True,False,False,1,1.4073410062268894,0.4761904761904763,CRESCIMENTO_FORTE,True,AGUARDAR,0.0,0.0,1.0,False,,False,0.0,1.0,fundamentos aprovados | queda 37.3% | Falling Score 2 | 1 confirmações | condições insuficientes para entrada,2026-08-17 02:31:59.315015+00:00
INTC,2026-08-14,102.5,140.94000244140625,0.2727401857211342,True,109.4013995361328,-0.0630832838098514,0.0083620114251026,0.1363636748104957,0.0784932556040607,0.7868424848577936,0.0933603686169109,False,,2,MODERADO,True,False,False,1,0.2542188350571583,,SEM_DADOS,False,AGUARDAR,0.0,0.0,1.0,False,,False,0.0,1.0,fundamentos não aprovados | queda 27.3% | Falling Score 2 | 1 confirmações | condições insuficientes para entrada,2026-08-17 02:31:59.315015+00:00
META,2026-08-14,589.8499755859375,787.419189453125,0.2509072886633642,True,597.0579211425782,-0.0120724393754745,-0.0038000339347648,0.0595282145197468,-0.0869336903929128,0.5306644123132911,0.0445502969210525,False,,2,MODERADO,True,False,False,1,0.2795900328310463,-0.134453781512605,NAO_APROVADO,False,AGUARDAR,0.0,0.0,1.0,False,,False,0.0,1.0,fundamentos não aprovados | queda 25.1% | Falling Score 2 | 1 confirmações | condições insuficientes para entrada,2026-08-17 02:31:59.315015+00:00
GOOGL,2026-08-14,345.8999938964844,402.3796691894531,0.1403641376979618,False,353.8855554199219,-0.0225653785556797,-0.0237087050124111,-0.0287254958752897,-0.0025088535477423,0.5564198919962515,0.2352926091193517,False,,2,MODERADO,True,False,False,1,0.1203764635766522,2.9437229437229435,CRESCIMENTO_FORTE,True,AGUARDAR,0.0,0.0,1.0,False,,False,0.0,1.0,fundamentos aprovados | queda 14.0% | Falling Score 2 | 1 confirmações | condições insuficientes para entrada,2026-08-17 02:31:59.315015+00:00
SHOP,2026-08-14,154.32000732421875,179.00999450683594,0.1379251882032449,False,122.9170001220703,0.2554813994074192,0.0181434312008546,0.3172855767323983,0.248947963527097,0.466798877722919,0.1772172156704763,False,,2,MODERADO,True,False,False,1,,0.681159420289855,SEM_DADOS,False,AGUARDAR,0.0,0.0,1.0,False,,False,0.0,1.0,fundamentos não aprovados | queda 13.8% | Falling Score 2 | 1 confirmações | condições insuficientes para entrada,2026-08-17 02:31:59.315015+00:00
MSFT,2026-08-14,495.3999938964844,538.6585083007812,0.0803078643290301,False,412.77559753417967,0.2001678317610891,-0.0091801764586106,0.0660182316129982,0.2579350583593847,0.4198913322724547,0.2430182855023878,False,,2,MODERADO,True,False,False,1,0.1778868679984666,0.315982404692082,CRESCIMENTO_FORTE,True,AGUARDAR,0.0,0.0,1.0,False,,False,0.0,1.0,fundamentos aprovados | queda 8.0% | Falling Score 2 | 1 confirmações | condições insuficientes para entrada,2026-08-17 02:31:59.315015+00:00
AMZN,2026-08-14,262.6499938964844,284.0199890136719,0.0752411659172299,False,248.1665994262696,0.0583615784867852,-0.0430997399312731,-0.0328816301543083,0.0623710651434827,0.5572669486596077,0.067841163814445,False,,2,MODERADO,True,False,False,1,0.1962051734624512,2.422619047619048,CRESCIMENTO_FORTE,True,AGUARDAR,0.0,0.0,1.0,False,,False,0.0,1.0,fundamentos aprovados | queda 7.5% | Falling Score 2 | 1 confirmações | condições insuficientes para entrada,2026-08-17 02:31:59.315015+00:00
NVDA,2026-08-14,225.1600036621093,235.465576171875,0.0437667903619304,False,206.51959930419923,0.0902597352537626,0.005358085873677,0.1215940406580791,0.1102016980058318,0.6099679888792974,0.2207366052063505,False,,2,MODERADO,True,False,False,1,0.6140329835082459,2.144736842105264,CRESCIMENTO_FORTE,True,AGUARDAR,0.0,0.0,1.0,False,,False,0.0,1.0,fundamentos aprovados | queda 4.4% | Falling Score 2 | 1 confirmações | condições insuficientes para entrada,2026-08-17 02:31:59.315015+00:00
SBUX,2026-08-14,107.69000244140624,111.40367889404295,0.033335312527415,False,102.88495162963868,0.0467031449756094,0.0258441033752507,0.0290605483863488,0.0267193809981822,0.4446082152965505,0.1629640513826173,False,,2,MODERADO,True,False,False,1,0.1393653192293162,0.8571428571428572,CRESCIMENTO_FORTE,True,AGUARDAR,0.0,0.0,1.0,False,,False,0.0,1.0,fundamentos aprovados | queda 3.3% | Falling Score 2 | 1 confirmações | condições insuficientes para entrada,2026-08-17 02:31:59.315015+00:00
UBER,2026-08-14 00:00:00,75.94999694824219,100.0999984741211,0.2412587601799256,True,72.25399993896484,0.0511528360007678,0.012396698837519,0.0794484975753142,0.0481644756812782,0.4816947798024514,0.280190476892514,False,2.0,1,BAIXO,True,True,False,2,,,SEM_DADOS,False,AGUARDAR,0.0,0.0,1.0,False,,False,0.0,1.0,fundamentos não aprovados | queda 24.1% | Falling Score 1 | 2 confirmações | condições insuficientes para entrada,2026-08-17 02:51:28.857769+00:00
UBER,2026-08-14 00:00:00,75.94999694824219,100.0999984741211,0.2412587601799256,True,72.25399993896484,0.0511528360007678,0.012396698837519,0.0794484975753142,0.0481644756812782,0.4816947798024514,0.280190476892514,False,2.0,1,BAIXO,True,True,False,2,0.1217295075488102,0.857142857142857,CRESCIMENTO_FORTE,True,ENTRADA_FORTE,1.0,0.0,0.0,False,,False,1.0,0.0,fundamentos aprovados | queda 24.1% | Falling Score 1 | 2 confirmações | queda estabilizada,2026-08-17 03:13:08.376371+00:00
PYPL,2026-08-14 00:00:00,61.65999984741211,305.88092041015625,0.7984182872055827,False,50.05260009765625,0.2319040315010405,0.0438462868794433,0.0777836188455249,0.09016970209144,1.224912575388174,0.7811443573329497,False,2.0,0,BAIXO,True,True,False,2,0.0721345141830316,-0.0620155038759689,NAO_APROVADO,False,AGUARDAR,0.0,0.0,1.0,False,,False,0.0,1.0,fundamentos não aprovados | queda 79.8% | Falling Score 0 | 2 confirmações | condições insuficientes para entrada,2026-08-17 03:13:08.376371+00:00
CVX,2026-08-14 00:00:00,200.0,209.23358154296875,0.044130495090113,False,183.9932000732421,0.0869966929233581,0.0720411804099916,0.0161052590532728,0.0673497427064324,1.0090955785470683,0.501528210057722,False,1.0,0,BAIXO,True,False,False,1,0.5143436619718309,3.2137931034482765,CRESCIMENTO_FORTE,True,AGUARDAR,0.0,0.0,1.0,False,,False,0.0,1.0,fundamentos aprovados | queda 4.4% | Falling Score 0 | 1 confirmações | condições insuficientes para entrada,2026-08-17 03:13:08.376371+00:00
V,2026-08-14 00:00:00,364.1499938964844,369.7830505371094,0.0152334095152359,False,347.87827453613284,0.046774175196909,0.0064178980858735,-0.0035602204941737,0.0174768601715606,1.2217873553992449,0.3440573491864452,False,0.0,0,BAIXO,True,False,False,1,,,SEM_DADOS,False,AGUARDAR,0.0,0.0,1.0,False,,False,0.0,1.0,fundamentos não aprovados | queda 1.5% | Falling Score 0 | 1 confirmações | condições insuficientes para entrada,2026-08-17 03:13:08.376371+00:00
BA,2026-08-14 00:00:00,231.6699981689453,430.2999572753906,0.4616081311375143,False,221.3059994506836,0.0468310788861883,-0.0117310810574193,0.0718515722362893,0.0824183501857533,0.4286458177271325,0.5042251947114145,False,2.0,1,BAIXO,True,True,False,2,0.0796078948525209,,NAO_APROVADO,False,AGUARDAR,0.0,0.0,1.0,False,,False,0.0,1.0,fundamentos não aprovados | queda 46.2% | Falling Score 1 | 2 confirmações | condições insuficientes para entrada,2026-08-17 03:13:08.376371+00:00
DIS,2026-08-14 00:00:00,106.8499984741211,195.7644958496093,0.454191128935833,False,98.9302653503418,0.0800536933337148,0.0184919906995713,0.1108222867465704,0.0939899710993812,0.6997098776451671,0.8818170468653549,False,2.0,1,BAIXO,True,True,False,2,0.067568710359408,-0.482876712328767,NAO_APROVADO,False,AGUARDAR,0.0,0.0,1.0,False,,False,0.0,1.0,fundamentos não aprovados | queda 45.4% | Falling Score 1 | 2 confirmações | condições insuficientes para entrada,2026-08-17 03:13:08.376371+00:00
PFE,2026-08-14 00:00:00,26.790000915527344,47.42331314086914,0.4350879527132854,False,24.87863368988037,0.0768276606132289,0.0011211018829935,0.0711715581909488,0.0881702412894596,0.5702615674156502,0.7400016784667969,False,2.0,1,BAIXO,True,True,False,2,0.0260015013990309,,NAO_APROVADO,False,AGUARDAR,0.0,0.0,1.0,False,,False,0.0,1.0,fundamentos não aprovados | queda 43.5% | Falling Score 1 | 2 confirmações | condições insuficientes para entrada,2026-08-17 03:13:08.376371+00:00
MELI,2026-08-14 00:00:00,1844.5799560546875,2613.6298828125,0.2942459189861443,True,1755.2153955078124,0.0509137287512342,0.0131214074978551,-0.0218218010214981,-0.0156360325910822,0.5842609034605223,0.2925286213459845,False,4.0,1,BAIXO,True,True,False,2,0.468873620653758,-0.1086323957322988,NAO_APROVADO,False,AGUARDAR,0.0,0.0,1.0,False,,False,0.0,1.0,fundamentos não aprovados | queda 29.4% | Falling Score 1 | 2 confirmações | condições insuficientes para entrada,2026-08-17 03:13:08.376371+00:00
CAT,2026-08-14 00:00:00,856.5700073242188,1062.92822265625,0.1941412514349685,False,911.4767236328124,-0.0602392961717724,0.0170745376234895,0.0512512240776992,-0.0251294787188653,0.6025014597947854,0.313006687990695,False,2.0,1,BAIXO,True,True,False,2,0.2398454945983463,0.6818181818181817,CRESCIMENTO_FORTE,True,AGUARDAR,0.0,0.0,1.0,False,,False,0.0,1.0,fundamentos aprovados | queda 19.4% | Falling Score 1 | 2 confirmações | condições insuficientes para entrada,2026-08-17 03:13:08.376371+00:00
NKE,2026-08-14 00:00:00,40.72999954223633,163.6859588623047,0.7511698631615735,False,42.838999862670896,-0.0492308486938396,-0.0232614197351576,-0.0234955541536118,-0.069241291030989,1.1524951347615453,0.0322586599397034,False,1.0,1,BAIXO,True,False,False,1,0.0008873901854644,-0.3518518518518519,NAO_APROVADO,False,AGUARDAR,0.0,0.0,1.0,False,,False,0.0,1.0,fundamentos não aprovados | queda 75.1% | Falling Score 1 | 1 confirmações | condições insuficientes para entrada,2026-08-17 03:13:08.376371+00:00
NOW,2026-08-14 00:00:00,124.0,234.0780029296875,0.4702620560324619,False,107.64900039672852,0.1518917922415599,-0.0070467430555126,0.1148071226977121,0.2010848756857235,0.5952894658266548,0.2824078761776708,False,1.0,1,BAIXO,True,False,False,1,0.2401244167962675,-0.8423913043478262,NAO_APROVADO,False,AGUARDAR,0.0,0.0,1.0,False,,False,0.0,1.0,fundamentos não aprovados | queda 47.0% | Falling Score 1 | 1 confirmações | condições insuficientes para entrada,2026-08-17 03:13:08.376371+00:00
NFLX,2026-08-14 00:00:00,78.16000366210938,133.91299438476562,0.4163374210157972,False,74.84139938354492,0.0443418255925087,0.0542218007223536,0.089945679263484,0.1335751576723165,0.6045715900184597,0.4123721881390593,False,1.0,1,BAIXO,True,False,False,1,0.1336537425289954,-0.8887343532684284,NAO_APROVADO,False,AGUARDAR,0.0,0.0,1.0,False,,False,0.0,1.0,fundamentos não aprovados | queda 41.6% | Falling Score 1 | 1 confirmações | condições insuficientes para entrada,2026-08-17 03:13:08.376371+00:00
QCOM,2026-08-14 00:00:00,165.7899932861328,250.0962829589844,0.3370953325470964,False,183.87080017089843,-0.0983343024991485,-0.0123317485803172,0.1231623372441497,-0.0348702150176402,0.4805213029427604,0.688652961969869,False,1.0,1,BAIXO,True,False,False,1,-0.0403280270139894,-0.2304526748971194,NAO_APROVADO,False,AGUARDAR,0.0,0.0,1.0,False,,False,0.0,1.0,fundamentos não aprovados | queda 33.7% | Falling Score 1 | 1 confirmações | condições insuficientes para entrada,2026-08-17 03:13:08.376371+00:00
UNH,2026-08-14 00:00:00,401.7300109863281,599.7755737304688,0.3301994469570375,False,414.8671667480469,-0.0316659326518772,-0.0131423203360742,-0.030574283534669,-0.0571709863196246,0.7290574049055559,0.7809693717615386,False,1.0,1,BAIXO,True,False,False,1,0.0037270642201834,0.6149732620320856,NAO_APROVADO,False,AGUARDAR,0.0,0.0,1.0,False,,False,0.0,1.0,fundamentos não aprovados | queda 33.0% | Falling Score 1 | 1 confirmações | condições insuficientes para entrada,2026-08-17 03:13:08.376371+00:00
F,2026-08-14 00:00:00,14.369999885559082,18.56574058532715,0.2259937157090322,True,14.090342102050782,0.0198474800315597,0.0390295013870471,-0.0105155773806044,0.0207752453262117,0.934680638764938,0.8627455013622602,True,1.0,1,BAIXO,True,False,False,1,0.0637989129098108,4.25,NAO_APROVADO,False,AGUARDAR,0.0,0.0,1.0,False,,False,0.0,1.0,fundamentos não aprovados | queda 22.6% | Falling Score 1 | 1 confirmações | condições insuficientes para entrada,2026-08-17 03:13:08.376371+00:00
MU,2026-08-14 00:00:00,971.6599731445312,1213.3734130859375,0.1992077931942347,False,960.6536303710938,0.0114571396239722,0.1072164784974822,0.1805887252675733,0.1445432112292319,0.6347757318656403,0.5561139469784291,True,1.0,1,BAIXO,True,False,False,1,3.457155144608107,13.68452380952381,CRESCIMENTO_FORTE,True,AGUARDAR,0.0,0.0,1.0,False,,False,0.0,1.0,fundamentos aprovados | queda 19.9% | Falling Score 1 | 1 confirmações | condições insuficientes para entrada,2026-08-17 03:13:08.376371+00:00
MCD,2026-08-14 00:00:00,272.8299865722656,336.8805847167969,0.190128493746163,False,273.6261999511719,-0.0029098579706487,-0.0060114556543962,0.0080918260615412,0.0191251551328319,0.5934564119043018,0.3832910936820479,False,1.0,1,BAIXO,True,False,False,1,0.037410492474061,0.0573248407643312,NAO_APROVADO,False,AGUARDAR,0.0,0.0,1.0,False,,False,0.0,1.0,fundamentos não aprovados | queda 19.0% | Falling Score 1 | 1 confirmações | condições insuficientes para entrada,2026-08-17 03:13:08.376371+00:00
WMT,2026-08-14 00:00:00,115.2699966430664,134.1999969482422,0.1410581276874144,False,114.48799942016602,0.0068303859518978,0.0305766492230807,0.0366007176845391,0.009016095925747,0.6547425347047484,0.3480652503793626,False,1.0,1,BAIXO,True,False,False,1,0.0713680243442838,0.1964285714285714,NAO_APROVADO,False,AGUARDAR,0.0,0.0,1.0,False,,False,0.0,1.0,fundamentos não aprovados | queda 14.1% | Falling Score 1 | 1 confirmações | condições insuficientes para entrada,2026-08-17 03:13:08.376371+00:00
COST,2026-08-14 00:00:00,961.0999755859376,1092.5828857421875,0.1203413597925197,False,949.554013671875,0.0121593524410632,0.0140110655600205,0.0096754465282435,0.0231254577426536,0.6206352842159093,0.4402078888692834,False,0.0,1,BAIXO,True,False,False,1,0.1158452654062178,0.1518691588785046,CRESCIMENTO_FORTE,True,AGUARDAR,0.0,0.0,1.0,False,,False,0.0,1.0,fundamentos aprovados | queda 12.0% | Falling Score 1 | 1 confirmações | condições insuficientes para entrada,2026-08-17 03:13:08.376371+00:00
AMD,2026-08-14 00:00:00,514.3900146484375,580.9099731445312,0.1145099267895397,False,510.400200805664,0.0078170303155751,0.0641965206828321,0.0803108710325144,0.0375786762058925,0.8838281576669518,0.9911036376754252,True,1.0,1,BAIXO,True,False,False,1,0.5011060507482108,1.5555555555555554,CRESCIMENTO_FORTE,True,AGUARDAR,0.0,0.0,1.0,False,,False,0.0,1.0,fundamentos aprovados | queda 11.5% | Falling Score 1 | 1 confirmações | condições insuficientes para entrada,2026-08-17 03:13:08.376371+00:00
AAPL,2026-08-14 00:00:00,305.92999267578125,339.78692626953125,0.0996416606296778,False,308.95068115234375,-0.0097772513894313,-0.0227752026398007,-0.0087927779916253,-0.0825377190715328,0.5183635558974528,0.5109729264326031,False,0.0,1,BAIXO,True,False,False,1,0.1635650176528138,0.286624203821656,CRESCIMENTO_FORTE,True,AGUARDAR,0.0,0.0,1.0,False,,False,0.0,1.0,fundamentos aprovados | queda 10.0% | Falling Score 1 | 1 confirmações | condições insuficientes para entrada,2026-08-17 03:13:08.376371+00:00
XOM,2026-08-14 00:00:00,160.10000610351562,170.31399536132812,0.0599715204622092,False,147.5687997436523,0.0849177223209225,0.0461318160422483,0.0299794363671987,0.0864549772013851,0.7106529859042199,0.4228897644370554,False,0.0,1,BAIXO,True,False,False,1,,,SEM_DADOS,False,AGUARDAR,0.0,0.0,1.0,False,,False,0.0,1.0,fundamentos não aprovados | queda 6.0% | Falling Score 1 | 1 confirmações | condições insuficientes para entrada,2026-08-17 03:13:08.376371+00:00
MA,2026-08-14 00:00:00,569.2899780273438,595.2506713867188,0.0436130433904358,False,528.8596759033203,0.0764480711352522,0.0112620404704439,-0.0066480504639673,0.0472590205945382,0.8253783915917058,0.7784896935496513,False,1.0,1,BAIXO,True,False,False,1,0.140661502520595,0.221130221130221,CRESCIMENTO_FORTE,True,AGUARDAR,0.0,0.0,1.0,False,,False,0.0,1.0,fundamentos aprovados | queda 4.4% | Falling Score 1 | 1 confirmações | condições insuficientes para entrada,2026-08-17 03:13:08.376371+00:00
LLY,2026-08-14 00:00:00,1180.1600341796875,1233.7921142578125,0.0434693004261802,False,1167.900048828125,0.0104974611173827,-0.0032544156944367,0.0287343993240993,0.0023248274548604,0.8448682647310912,0.3223045780677796,False,1.0,1,BAIXO,True,False,False,1,0.4766964268497271,0.2623211446740858,CRESCIMENTO_FORTE,True,AGUARDAR,0.0,0.0,1.0,False,,False,0.0,1.0,fundamentos aprovados | queda 4.3% | Falling Score 1 | 1 confirmações | condições insuficientes para entrada,2026-08-17 03:13:08.376371+00:00
GM,2026-08-14 00:00:00,86.7699966430664,90.3000030517578,0.0390919854860701,False,81.8415998840332,0.0602187245363796,-0.0092487459585901,-0.0235201885317305,0.1406598789426603,0.4922383275506789,0.6019377203638411,False,1.0,1,BAIXO,True,False,False,1,0.0208309034500455,-0.2617801047120419,NAO_APROVADO,False,AGUARDAR,0.0,0.0,1.0,False,,False,0.0,1.0,fundamentos não aprovados | queda 3.9% | Falling Score 1 | 1 confirmações | condições insuficientes para entrada,2026-08-17 03:13:08.376371+00:00
GE,2026-08-14 00:00:00,368.3800048828125,381.2200012207031,0.0336813291453116,False,356.2527758789063,0.0340410793262937,-0.0045935520728872,0.0230788385301727,0.0560445462348369,0.8591694579339599,0.9568248085211286,False,1.0,1,BAIXO,True,False,False,1,0.2110133357525174,0.1957671957671958,CRESCIMENTO_FORTE,True,AGUARDAR,0.0,0.0,1.0,False,,False,0.0,1.0,fundamentos aprovados | queda 3.4% | Falling Score 1 | 1 confirmações | condições insuficientes para entrada,2026-08-17 03:13:08.376371+00:00
JNJ,2026-08-14 00:00:00,260.3500061035156,267.239990234375,0.0257820101131448,False,251.3097998046875,0.0359723588409763,0.0042818080194226,0.0156036664901999,0.0288887646670017,0.663396647644279,0.466669858062663,False,1.0,1,BAIXO,True,False,False,1,0.065998399528282,-0.0087336244541484,NAO_APROVADO,False,AGUARDAR,0.0,0.0,1.0,False,,False,0.0,1.0,fundamentos não aprovados | queda 2.6% | Falling Score 1 | 1 confirmações | condições insuficientes para entrada,2026-08-17 03:13:08.376371+00:00
JPM,2026-08-14 00:00:00,362.8399963378906,365.1799926757813,0.0064077889939828,False,338.791650390625,0.0709826996017699,0.0148803073609831,0.0314107493805007,0.0637349453103717,0.7421836310211628,0.3123572697284953,False,1.0,1,BAIXO,True,False,False,1,0.4668939777910887,0.4694656488549618,CRESCIMENTO_FORTE,True,AGUARDAR,0.0,0.0,1.0,False,,False,0.0,1.0,fundamentos aprovados | queda 0.6% | Falling Score 1 | 1 confirmações | condições insuficientes para entrada,2026-08-17 03:13:08.376371+00:00
AVGO,2026-08-14 00:00:00,392.989990234375,480.8090515136719,0.1826485192049254,False,390.3288507080078,0.0068176859628497,-0.0812839413163023,0.0095303932046648,0.0597578525591833,1.6543432207557742,0.1870829264322916,False,2.0,2,MODERADO,True,True,True,3,0.4787390029325513,0.8543689320388348,CRESCIMENTO_FORTE,True,AGUARDAR,0.0,0.0,1.0,False,,False,0.0,1.0,fundamentos aprovados | queda 18.3% | Falling Score 2 | 3 confirmações | condições insuficientes para entrada,2026-08-17 03:13:08.376371+00:00
ORCL,2026-08-14 00:00:00,150.52000427246094,324.6299743652344,0.5363336224056932,False,152.0817073059082,-0.0102688420659687,0.0238062841673825,0.1590052354790652,0.190728580902481,0.6600583534624712,0.2266142359142612,False,2.0,2,MODERADO,True,True,False,2,0.21656050955414,0.2450980392156863,CRESCIMENTO_FORTE,True,AGUARDAR,0.0,0.0,1.0,False,,False,0.0,1.0,fundamentos aprovados | queda 53.6% | Falling Score 2 | 2 confirmações | condições insuficientes para entrada,2026-08-17 03:13:08.376371+00:00
INTC,2026-08-14 00:00:00,102.5,140.94000244140625,0.2727401857211342,True,109.4013995361328,-0.0630832838098514,0.0083620114251026,0.1363636748104957,0.0784932556040607,0.7868424848577936,0.0933603686169109,False,2.0,2,MODERADO,True,True,False,2,0.2542188350571583,,NAO_APROVADO,False,AGUARDAR,0.0,0.0,1.0,False,,False,0.0,1.0,fundamentos não aprovados | queda 27.3% | Falling Score 2 | 2 confirmações | condições insuficientes para entrada,2026-08-17 03:13:08.376371+00:00
SHOP,2026-08-14 00:00:00,154.32000732421875,179.00999450683594,0.1379251882032449,False,122.9170001220703,0.2554813994074192,0.0181434312008546,0.3172855767323983,0.248947963527097,0.466798877722919,0.1772172156704763,False,2.0,2,MODERADO,True,True,False,2,0.3369402985074627,0.681159420289855,CRESCIMENTO_FORTE,True,AGUARDAR,0.0,0.0,1.0,False,,False,0.0,1.0,fundamentos aprovados | queda 13.8% | Falling Score 2 | 2 confirmações | condições insuficientes para entrada,2026-08-17 03:13:08.376371+00:00
MSFT,2026-08-14 00:00:00,495.3999938964844,538.6585083007812,0.0803078643290301,False,412.77559753417967,0.2001678317610891,-0.0091801764586106,0.0660182316129982,0.2579350583593847,0.4198913322724547,0.2430182855023878,False,2.0,2,MODERADO,True,True,False,2,0.1829703422487369,0.2341040462427743,CRESCIMENTO_FORTE,True,AGUARDAR,0.0,0.0,1.0,False,,False,0.0,1.0,fundamentos aprovados | queda 8.0% | Falling Score 2 | 2 confirmações | condições insuficientes para entrada,2026-08-17 03:13:08.376371+00:00
ADBE,2026-08-14 00:00:00,264.0199890136719,688.3699951171875,0.6164562794914887,False,230.5265991210937,0.1452907821495441,-0.0044870196438576,0.054350805289421,0.1128345163906086,0.5360356747864977,0.2003392582108812,False,1.0,2,MODERADO,True,False,False,1,0.126851694193768,0.0786802030456852,NAO_APROVADO,False,AGUARDAR,0.0,0.0,1.0,False,,False,0.0,1.0,fundamentos não aprovados | queda 61.6% | Falling Score 2 | 1 confirmações | condições insuficientes para entrada,2026-08-17 03:13:08.376371+00:00
CRM,2026-08-14 00:00:00,196.2100067138672,363.21923828125,0.459802824205207,False,172.45709655761718,0.1377322860605754,0.0180035338892121,0.0662428114247712,0.1489723124959177,0.68696252340304,0.0980176988770993,False,1.0,2,MODERADO,True,False,False,1,0.1326686336351612,0.5220125786163521,CRESCIMENTO_FORTE,True,AGUARDAR,0.0,0.0,1.0,False,,False,0.0,1.0,fundamentos aprovados | queda 46.0% | Falling Score 2 | 1 confirmações | condições insuficientes para entrada,2026-08-17 03:13:08.376371+00:00
SOFI,2026-08-14 00:00:00,18.290000915527344,32.209999084472656,0.4321638796834263,False,17.489199962615967,0.0457883124798805,-0.0048965315205979,0.1213980082414771,0.0584490849969927,0.464999088504669,0.0333341810459926,False,0.0,2,MODERADO,True,False,False,1,0.0111067219698466,0.5,NAO_APROVADO,False,AGUARDAR,0.0,0.0,1.0,False,,False,0.0,1.0,fundamentos não aprovados | queda 43.2% | Falling Score 2 | 1 confirmações | condições insuficientes para entrada,2026-08-17 03:13:08.376371+00:00
HOOD,2026-08-14 00:00:00,95.55999755859376,152.4600067138672,0.3732126895551161,False,99.09340042114258,-0.0356572975347704,0.0243326896858093,0.103974124928871,-0.0440176227108667,0.7543174014947392,0.0402803850813009,False,1.0,2,MODERADO,True,False,False,1,0.3225480283114257,0.4761904761904763,CRESCIMENTO_FORTE,True,AGUARDAR,0.0,0.0,1.0,False,,False,0.0,1.0,fundamentos aprovados | queda 37.3% | Falling Score 2 | 1 confirmações | condições insuficientes para entrada,2026-08-17 03:13:08.376371+00:00
META,2026-08-14 00:00:00,589.8499755859375,787.419189453125,0.2509072886633642,True,597.0579211425782,-0.0120724393754745,-0.0038000339347648,0.0595282145197468,-0.0869336903929128,0.5306644123132911,0.0445502969210525,False,1.0,2,MODERADO,True,False,False,1,0.2795900328310463,-0.134453781512605,NAO_APROVADO,False,AGUARDAR,0.0,0.0,1.0,False,,False,0.0,1.0,fundamentos não aprovados | queda 25.1% | Falling Score 2 | 1 confirmações | condições insuficientes para entrada,2026-08-17 03:13:08.376371+00:00
GOOGL,2026-08-14 00:00:00,345.8999938964844,402.3796691894531,0.1403641376979618,False,353.8855554199219,-0.0225653785556797,-0.0237087050124111,-0.0287254958752897,-0.0025088535477423,0.5564198919962515,0.2352926091193517,False,1.0,2,MODERADO,True,False,False,1,0.2423362508814868,2.9437229437229435,CRESCIMENTO_FORTE,True,AGUARDAR,0.0,0.0,1.0,False,,False,0.0,1.0,fundamentos aprovados | queda 14.0% | Falling Score 2 | 1 confirmações | condições insuficientes para entrada,2026-08-17 03:13:08.376371+00:00
AMZN,2026-08-14 00:00:00,262.6499938964844,284.0199890136719,0.0752411659172299,False,248.1665994262696,0.0583615784867852,-0.0430997399312731,-0.0328816301543083,0.0623710651434827,0.5572669486596077,0.067841163814445,False,0.0,2,MODERADO,True,False,False,1,0.1962051734624512,2.422619047619048,CRESCIMENTO_FORTE,True,AGUARDAR,0.0,0.0,1.0,False,,False,0.0,1.0,fundamentos aprovados | queda 7.5% | Falling Score 2 | 1 confirmações | condições insuficientes para entrada,2026-08-17 03:13:08.376371+00:00
NVDA,2026-08-14 00:00:00,225.1600036621093,235.465576171875,0.0437667903619304,False,206.51959930419923,0.0902597352537626,0.005358085873677,0.1215940406580791,0.1102016980058318,0.6099679888792974,0.2207366052063505,False,1.0,2,MODERADO,True,False,False,1,0.8522763378875222,2.144736842105264,CRESCIMENTO_FORTE,True,AGUARDAR,0.0,0.0,1.0,False,,False,0.0,1.0,fundamentos aprovados | queda 4.4% | Falling Score 2 | 1 confirmações | condições insuficientes para entrada,2026-08-17 03:13:08.376371+00:00
SBUX,2026-08-14 00:00:00,107.69000244140624,111.53936004638672,0.0345112039676362,False,102.88495162963868,0.0467031449756094,0.0258441033752507,0.0290605483863488,0.0267193809981822,0.4446082152965505,0.1629640513826173,False,1.0,2,MODERADO,True,False,False,1,-0.0140968697123519,0.8571428571428572,NAO_APROVADO,False,AGUARDAR,0.0,0.0,1.0,False,,False,0.0,1.0,fundamentos não aprovados | queda 3.5% | Falling Score 2 | 1 confirmações | condições insuficientes para entrada,2026-08-17 03:13:08.376371+00:00
UBER,2026-08-14 00:00:00,75.94999694824219,100.0999984741211,0.2412587601799256,True,72.25399993896484,0.0511528360007678,0.012396698837519,0.0794484975753142,0.0481644756812782,0.4816947798024514,0.280190476892514,False,2.0,1,BAIXO,True,True,False,2,0.1217295075488102,0.857142857142857,CRESCIMENTO_FORTE,True,ENTRADA_FORTE,1.0,0.0,0.0,False,,False,1.0,0.0,fundamentos aprovados | queda 24.1% | Falling Score 1 | 2 confirmações | queda estabilizada,2026-08-17 03:31:45.612147+00:00
PYPL,2026-08-14 00:00:00,61.65999984741211,305.88092041015625,0.7984182872055827,False,50.05260009765625,0.2319040315010405,0.0438462868794433,0.0777836188455249,0.09016970209144,1.224912575388174,0.7811443573329497,False,2.0,0,BAIXO,True,True,False,2,0.0721345141830316,-0.0620155038759689,NAO_APROVADO,False,AGUARDAR,0.0,0.0,1.0,False,,False,0.0,1.0,fundamentos não aprovados | queda 79.8% | Falling Score 0 | 2 confirmações | condições insuficientes para entrada,2026-08-17 03:31:45.612147+00:00
CVX,2026-08-14 00:00:00,200.0,209.23358154296875,0.044130495090113,False,183.9932000732421,0.0869966929233581,0.0720411804099916,0.0161052590532728,0.0673497427064324,1.0090955785470683,0.501528210057722,False,1.0,0,BAIXO,True,False,False,1,0.5143436619718309,3.2137931034482765,CRESCIMENTO_FORTE,True,AGUARDAR,0.0,0.0,1.0,False,,False,0.0,1.0,fundamentos aprovados | queda 4.4% | Falling Score 0 | 1 confirmações | condições insuficientes para entrada,2026-08-17 03:31:45.612147+00:00
V,2026-08-14 00:00:00,364.1499938964844,369.7830505371094,0.0152334095152359,False,347.87827453613284,0.046774175196909,0.0064178980858735,-0.0035602204941737,0.0174768601715606,1.2217873553992449,0.3440573491864452,False,0.0,0,BAIXO,True,False,False,1,,,SEM_DADOS,False,AGUARDAR,0.0,0.0,1.0,False,,False,0.0,1.0,fundamentos não aprovados | queda 1.5% | Falling Score 0 | 1 confirmações | condições insuficientes para entrada,2026-08-17 03:31:45.612147+00:00
BA,2026-08-14 00:00:00,231.6699981689453,430.2999877929688,0.4616081693211452,False,221.3059994506836,0.0468310788861883,-0.0117310810574193,0.0718515722362893,0.0824183501857533,0.4286458177271325,0.5042251947114145,False,2.0,1,BAIXO,True,True,False,2,0.0796078948525209,,NAO_APROVADO,False,AGUARDAR,0.0,0.0,1.0,False,,False,0.0,1.0,fundamentos não aprovados | queda 46.2% | Falling Score 1 | 2 confirmações | condições insuficientes para entrada,2026-08-17 03:31:45.612147+00:00
DIS,2026-08-14 00:00:00,106.8499984741211,195.7644958496093,0.454191128935833,False,98.9302653503418,0.0800536933337148,0.0184919906995713,0.1108222867465704,0.0939899710993812,0.6997098776451671,0.8818170468653549,False,2.0,1,BAIXO,True,True,False,2,0.067568710359408,-0.482876712328767,NAO_APROVADO,False,AGUARDAR,0.0,0.0,1.0,False,,False,0.0,1.0,fundamentos não aprovados | queda 45.4% | Falling Score 1 | 2 confirmações | condições insuficientes para entrada,2026-08-17 03:31:45.612147+00:00
PFE,2026-08-14 00:00:00,26.790000915527344,47.423316955566406,0.4350879981544012,False,24.87863368988037,0.0768276606132289,0.0011211018829935,0.0711715581909488,0.0881702412894596,0.5702615674156502,0.7400016784667969,False,2.0,1,BAIXO,True,True,False,2,0.0260015013990309,,NAO_APROVADO,False,AGUARDAR,0.0,0.0,1.0,False,,False,0.0,1.0,fundamentos não aprovados | queda 43.5% | Falling Score 1 | 2 confirmações | condições insuficientes para entrada,2026-08-17 03:31:45.612147+00:00
MELI,2026-08-14 00:00:00,1844.5799560546875,2613.6298828125,0.2942459189861443,True,1755.2153955078124,0.0509137287512342,0.0131214074978551,-0.0218218010214981,-0.0156360325910822,0.5842609034605223,0.2925286213459845,False,4.0,1,BAIXO,True,True,False,2,0.468873620653758,-0.1086323957322988,NAO_APROVADO,False,AGUARDAR,0.0,0.0,1.0,False,,False,0.0,1.0,fundamentos não aprovados | queda 29.4% | Falling Score 1 | 2 confirmações | condições insuficientes para entrada,2026-08-17 03:31:45.612147+00:00
CAT,2026-08-14 00:00:00,856.5700073242188,1062.92822265625,0.1941412514349685,False,911.4767236328124,-0.0602392961717724,0.0170745376234895,0.0512512240776992,-0.0251294787188653,0.6025014597947854,0.313006687990695,False,2.0,1,BAIXO,True,True,False,2,0.2398454945983463,0.6818181818181817,CRESCIMENTO_FORTE,True,AGUARDAR,0.0,0.0,1.0,False,,False,0.0,1.0,fundamentos aprovados | queda 19.4% | Falling Score 1 | 2 confirmações | condições insuficientes para entrada,2026-08-17 03:31:45.612147+00:00
NKE,2026-08-14 00:00:00,40.72999954223633,163.6859588623047,0.7511698631615735,False,42.838999862670896,-0.0492308486938396,-0.0232614197351576,-0.0234955541536118,-0.069241291030989,1.1524951347615453,0.0322586599397034,False,1.0,1,BAIXO,True,False,False,1,0.0008873901854644,-0.3518518518518519,NAO_APROVADO,False,AGUARDAR,0.0,0.0,1.0,False,,False,0.0,1.0,fundamentos não aprovados | queda 75.1% | Falling Score 1 | 1 confirmações | condições insuficientes para entrada,2026-08-17 03:31:45.612147+00:00
NOW,2026-08-14 00:00:00,124.0,234.0780029296875,0.4702620560324619,False,107.64900039672852,0.1518917922415599,-0.0070467430555126,0.1148071226977121,0.2010848756857235,0.5952894658266548,0.2824078761776708,False,1.0,1,BAIXO,True,False,False,1,0.2401244167962675,-0.8423913043478262,NAO_APROVADO,False,AGUARDAR,0.0,0.0,1.0,False,,False,0.0,1.0,fundamentos não aprovados | queda 47.0% | Falling Score 1 | 1 confirmações | condições insuficientes para entrada,2026-08-17 03:31:45.612147+00:00
NFLX,2026-08-14 00:00:00,78.16000366210938,133.91299438476562,0.4163374210157972,False,74.84139938354492,0.0443418255925087,0.0542218007223536,0.089945679263484,0.1335751576723165,0.6045715900184597,0.4123721881390593,False,1.0,1,BAIXO,True,False,False,1,0.1336537425289954,-0.8887343532684284,NAO_APROVADO,False,AGUARDAR,0.0,0.0,1.0,False,,False,0.0,1.0,fundamentos não aprovados | queda 41.6% | Falling Score 1 | 1 confirmações | condições insuficientes para entrada,2026-08-17 03:31:45.612147+00:00
QCOM,2026-08-14 00:00:00,165.7899932861328,250.0962829589844,0.3370953325470964,False,183.87080017089843,-0.0983343024991485,-0.0123317485803172,0.1231623372441497,-0.0348702150176402,0.4805213029427604,0.688652961969869,False,1.0,1,BAIXO,True,False,False,1,-0.0403280270139894,-0.2304526748971194,NAO_APROVADO,False,AGUARDAR,0.0,0.0,1.0,False,,False,0.0,1.0,fundamentos não aprovados | queda 33.7% | Falling Score 1 | 1 confirmações | condições insuficientes para entrada,2026-08-17 03:31:45.612147+00:00
UNH,2026-08-14 00:00:00,401.7300109863281,599.775634765625,0.3301995151181615,False,414.8671667480469,-0.0316659326518772,-0.0131423203360742,-0.030574283534669,-0.0571709863196246,0.7290574049055559,0.7809693717615386,False,1.0,1,BAIXO,True,False,False,1,0.0037270642201834,0.6149732620320856,NAO_APROVADO,False,AGUARDAR,0.0,0.0,1.0,False,,False,0.0,1.0,fundamentos não aprovados | queda 33.0% | Falling Score 1 | 1 confirmações | condições insuficientes para entrada,2026-08-17 03:31:45.612147+00:00
F,2026-08-14 00:00:00,14.369999885559082,18.56574058532715,0.2259937157090322,True,14.090342102050782,0.0198474800315597,0.0390295013870471,-0.0105155773806044,0.0207752453262117,0.934680638764938,0.8627455013622602,True,1.0,1,BAIXO,True,False,False,1,0.0637989129098108,4.25,NAO_APROVADO,False,AGUARDAR,0.0,0.0,1.0,False,,False,0.0,1.0,fundamentos não aprovados | queda 22.6% | Falling Score 1 | 1 confirmações | condições insuficientes para entrada,2026-08-17 03:31:45.612147+00:00
MU,2026-08-14 00:00:00,971.6599731445312,1213.3734130859375,0.1992077931942347,False,960.6536303710938,0.0114571396239722,0.1072164784974822,0.1805887252675733,0.1445432112292319,0.6347757318656403,0.5561139469784291,True,1.0,1,BAIXO,True,False,False,1,3.457155144608107,13.68452380952381,CRESCIMENTO_FORTE,True,AGUARDAR,0.0,0.0,1.0,False,,False,0.0,1.0,fundamentos aprovados | queda 19.9% | Falling Score 1 | 1 confirmações | condições insuficientes para entrada,2026-08-17 03:31:45.612147+00:00
MCD,2026-08-14 00:00:00,272.8299865722656,336.8805847167969,0.190128493746163,False,273.6261999511719,-0.0029098579706487,-0.0060114556543962,0.0080918260615412,0.0191251551328319,0.5934564119043018,0.3832910936820479,False,1.0,1,BAIXO,True,False,False,1,0.037410492474061,0.0573248407643312,NAO_APROVADO,False,AGUARDAR,0.0,0.0,1.0,False,,False,0.0,1.0,fundamentos não aprovados | queda 19.0% | Falling Score 1 | 1 confirmações | condições insuficientes para entrada,2026-08-17 03:31:45.612147+00:00
WMT,2026-08-14 00:00:00,115.2699966430664,134.1999969482422,0.1410581276874144,False,114.48799942016602,0.0068303859518978,0.0305766492230807,0.0366007176845391,0.009016095925747,0.6547425347047484,0.3480652503793626,False,1.0,1,BAIXO,True,False,False,1,0.0713680243442838,0.1964285714285714,NAO_APROVADO,False,AGUARDAR,0.0,0.0,1.0,False,,False,0.0,1.0,fundamentos não aprovados | queda 14.1% | Falling Score 1 | 1 confirmações | condições insuficientes para entrada,2026-08-17 03:31:45.612147+00:00
COST,2026-08-14 00:00:00,961.0999755859376,1092.5828857421875,0.1203413597925197,False,949.554013671875,0.0121593524410632,0.0140110655600205,0.0096754465282435,0.0231254577426536,0.6206352842159093,0.4402078888692834,False,0.0,1,BAIXO,True,False,False,1,0.1158452654062178,0.1518691588785046,CRESCIMENTO_FORTE,True,AGUARDAR,0.0,0.0,1.0,False,,False,0.0,1.0,fundamentos aprovados | queda 12.0% | Falling Score 1 | 1 confirmações | condições insuficientes para entrada,2026-08-17 03:31:45.612147+00:00
AMD,2026-08-14 00:00:00,514.3900146484375,580.9099731445312,0.1145099267895397,False,510.400200805664,0.0078170303155751,0.0641965206828321,0.0803108710325144,0.0375786762058925,0.8838281576669518,0.9911036376754252,True,1.0,1,BAIXO,True,False,False,1,0.5011060507482108,1.5555555555555554,CRESCIMENTO_FORTE,True,AGUARDAR,0.0,0.0,1.0,False,,False,0.0,1.0,fundamentos aprovados | queda 11.5% | Falling Score 1 | 1 confirmações | condições insuficientes para entrada,2026-08-17 03:31:45.612147+00:00
AAPL,2026-08-14 00:00:00,305.92999267578125,339.78692626953125,0.0996416606296778,False,308.95068115234375,-0.0097772513894313,-0.0227752026398007,-0.0087927779916253,-0.0825377190715328,0.5183635558974528,0.5109729264326031,False,0.0,1,BAIXO,True,False,False,1,0.1635650176528138,0.286624203821656,CRESCIMENTO_FORTE,True,AGUARDAR,0.0,0.0,1.0,False,,False,0.0,1.0,fundamentos aprovados | queda 10.0% | Falling Score 1 | 1 confirmações | condições insuficientes para entrada,2026-08-17 03:31:45.612147+00:00
XOM,2026-08-14 00:00:00,160.10000610351562,170.31399536132812,0.0599715204622092,False,147.5687997436523,0.0849177223209225,0.0461318160422483,0.0299794363671987,0.0864549772013851,0.7106529859042199,0.4228897644370554,False,0.0,1,BAIXO,True,False,False,1,,,SEM_DADOS,False,AGUARDAR,0.0,0.0,1.0,False,,False,0.0,1.0,fundamentos não aprovados | queda 6.0% | Falling Score 1 | 1 confirmações | condições insuficientes para entrada,2026-08-17 03:31:45.612147+00:00
MA,2026-08-14 00:00:00,569.2899780273438,595.2506713867188,0.0436130433904358,False,528.8596759033203,0.0764480711352522,0.0112620404704439,-0.0066480504639673,0.0472590205945382,0.8253783915917058,0.7784896935496513,False,1.0,1,BAIXO,True,False,False,1,0.140661502520595,0.221130221130221,CRESCIMENTO_FORTE,True,AGUARDAR,0.0,0.0,1.0,False,,False,0.0,1.0,fundamentos aprovados | queda 4.4% | Falling Score 1 | 1 confirmações | condições insuficientes para entrada,2026-08-17 03:31:45.612147+00:00
LLY,2026-08-14 00:00:00,1180.1600341796875,1233.7921142578125,0.0434693004261802,False,1167.900048828125,0.0104974611173827,-0.0032544156944367,0.0287343993240993,0.0023248274548604,0.8448682647310912,0.3223045780677796,False,1.0,1,BAIXO,True,False,False,1,0.4766964268497271,0.2623211446740858,CRESCIMENTO_FORTE,True,AGUARDAR,0.0,0.0,1.0,False,,False,0.0,1.0,fundamentos aprovados | queda 4.3% | Falling Score 1 | 1 confirmações | condições insuficientes para entrada,2026-08-17 03:31:45.612147+00:00
GM,2026-08-14 00:00:00,86.7699966430664,90.3000030517578,0.0390919854860701,False,81.8415998840332,0.0602187245363796,-0.0092487459585901,-0.0235201885317305,0.1406598789426603,0.4922383275506789,0.6019377203638411,False,1.0,1,BAIXO,True,False,False,1,0.0208309034500455,-0.2617801047120419,NAO_APROVADO,False,AGUARDAR,0.0,0.0,1.0,False,,False,0.0,1.0,fundamentos não aprovados | queda 3.9% | Falling Score 1 | 1 confirmações | condições insuficientes para entrada,2026-08-17 03:31:45.612147+00:00
GE,2026-08-14 00:00:00,368.3800048828125,381.2200012207031,0.0336813291453116,False,356.2527758789063,0.0340410793262937,-0.0045935520728872,0.0230788385301727,0.0560445462348369,0.8591694579339599,0.9568248085211286,False,1.0,1,BAIXO,True,False,False,1,0.2110133357525174,0.1957671957671958,CRESCIMENTO_FORTE,True,AGUARDAR,0.0,0.0,1.0,False,,False,0.0,1.0,fundamentos aprovados | queda 3.4% | Falling Score 1 | 1 confirmações | condições insuficientes para entrada,2026-08-17 03:31:45.612147+00:00
JNJ,2026-08-14 00:00:00,260.3500061035156,267.239990234375,0.0257820101131448,False,251.3097998046875,0.0359723588409763,0.0042818080194226,0.0156036664901999,0.0288887646670017,0.663396647644279,0.466669858062663,False,1.0,1,BAIXO,True,False,False,1,0.065998399528282,-0.0087336244541484,NAO_APROVADO,False,AGUARDAR,0.0,0.0,1.0,False,,False,0.0,1.0,fundamentos não aprovados | queda 2.6% | Falling Score 1 | 1 confirmações | condições insuficientes para entrada,2026-08-17 03:31:45.612147+00:00
JPM,2026-08-14 00:00:00,362.8399963378906,365.1799926757813,0.0064077889939828,False,338.791650390625,0.0709826996017699,0.0148803073609831,0.0314107493805007,0.0637349453103717,0.7421836310211628,0.3123572697284953,False,1.0,1,BAIXO,True,False,False,1,0.4668939777910887,0.4694656488549618,CRESCIMENTO_FORTE,True,AGUARDAR,0.0,0.0,1.0,False,,False,0.0,1.0,fundamentos aprovados | queda 0.6% | Falling Score 1 | 1 confirmações | condições insuficientes para entrada,2026-08-17 03:31:45.612147+00:00
AVGO,2026-08-14 00:00:00,392.989990234375,480.8090515136719,0.1826485192049254,False,390.3288507080078,0.0068176859628497,-0.0812839413163023,0.0095303932046648,0.0597578525591833,1.6543432207557742,0.1870829264322916,False,2.0,2,MODERADO,True,True,True,3,0.4787390029325513,0.8543689320388348,CRESCIMENTO_FORTE,True,AGUARDAR,0.0,0.0,1.0,False,,False,0.0,1.0,fundamentos aprovados | queda 18.3% | Falling Score 2 | 3 confirmações | condições insuficientes para entrada,2026-08-17 03:31:45.612147+00:00
ORCL,2026-08-14 00:00:00,150.52000427246094,324.6299743652344,0.5363336224056932,False,152.0817073059082,-0.0102688420659687,0.0238062841673825,0.1590052354790652,0.190728580902481,0.6600583534624712,0.2266142359142612,False,2.0,2,MODERADO,True,True,False,2,0.21656050955414,0.2450980392156863,CRESCIMENTO_FORTE,True,AGUARDAR,0.0,0.0,1.0,False,,False,0.0,1.0,fundamentos aprovados | queda 53.6% | Falling Score 2 | 2 confirmações | condições insuficientes para entrada,2026-08-17 03:31:45.612147+00:00
INTC,2026-08-14 00:00:00,102.5,140.94000244140625,0.2727401857211342,True,109.4013995361328,-0.0630832838098514,0.0083620114251026,0.1363636748104957,0.0784932556040607,0.7868424848577936,0.0933603686169109,False,2.0,2,MODERADO,True,True,False,2,0.2542188350571583,,NAO_APROVADO,False,AGUARDAR,0.0,0.0,1.0,False,,False,0.0,1.0,fundamentos não aprovados | queda 27.3% | Falling Score 2 | 2 confirmações | condições insuficientes para entrada,2026-08-17 03:31:45.612147+00:00
SHOP,2026-08-14 00:00:00,154.32000732421875,179.00999450683594,0.1379251882032449,False,122.9170001220703,0.2554813994074192,0.0181434312008546,0.3172855767323983,0.248947963527097,0.466798877722919,0.1772172156704763,False,2.0,2,MODERADO,True,True,False,2,0.3369402985074627,0.681159420289855,CRESCIMENTO_FORTE,True,AGUARDAR,0.0,0.0,1.0,False,,False,0.0,1.0,fundamentos aprovados | queda 13.8% | Falling Score 2 | 2 confirmações | condições insuficientes para entrada,2026-08-17 03:31:45.612147+00:00
MSFT,2026-08-14 00:00:00,495.3999938964844,538.6585693359375,0.0803079685389255,False,412.77559753417967,0.2001678317610891,-0.0091801764586106,0.0660182316129982,0.2579350583593847,0.4198913322724547,0.2430182855023878,False,2.0,2,MODERADO,True,True,False,2,0.1829703422487369,0.2341040462427743,CRESCIMENTO_FORTE,True,AGUARDAR,0.0,0.0,1.0,False,,False,0.0,1.0,fundamentos aprovados | queda 8.0% | Falling Score 2 | 2 confirmações | condições insuficientes para entrada,2026-08-17 03:31:45.612147+00:00
ADBE,2026-08-14 00:00:00,264.0199890136719,688.3699951171875,0.6164562794914887,False,230.5265991210937,0.1452907821495441,-0.0044870196438576,0.054350805289421,0.1128345163906086,0.5360356747864977,0.2003392582108812,False,1.0,2,MODERADO,True,False,False,1,0.126851694193768,0.0786802030456852,NAO_APROVADO,False,AGUARDAR,0.0,0.0,1.0,False,,False,0.0,1.0,fundamentos não aprovados | queda 61.6% | Falling Score 2 | 1 confirmações | condições insuficientes para entrada,2026-08-17 03:31:45.612147+00:00
CRM,2026-08-14 00:00:00,196.2100067138672,363.21923828125,0.459802824205207,False,172.45709655761718,0.1377322860605754,0.0180035338892121,0.0662428114247712,0.1489723124959177,0.68696252340304,0.0980176988770993,False,1.0,2,MODERADO,True,False,False,1,0.1326686336351612,0.5220125786163521,CRESCIMENTO_FORTE,True,AGUARDAR,0.0,0.0,1.0,False,,False,0.0,1.0,fundamentos aprovados | queda 46.0% | Falling Score 2 | 1 confirmações | condições insuficientes para entrada,2026-08-17 03:31:45.612147+00:00
SOFI,2026-08-14 00:00:00,18.290000915527344,32.209999084472656,0.4321638796834263,False,17.489199962615967,0.0457883124798805,-0.0048965315205979,0.1213980082414771,0.0584490849969927,0.464999088504669,0.0333341810459926,False,0.0,2,MODERADO,True,False,False,1,0.0111067219698466,0.5,NAO_APROVADO,False,AGUARDAR,0.0,0.0,1.0,False,,False,0.0,1.0,fundamentos não aprovados | queda 43.2% | Falling Score 2 | 1 confirmações | condições insuficientes para entrada,2026-08-17 03:31:45.612147+00:00
HOOD,2026-08-14 00:00:00,95.55999755859376,152.4600067138672,0.3732126895551161,False,99.09340042114258,-0.0356572975347704,0.0243326896858093,0.103974124928871,-0.0440176227108667,0.7543174014947392,0.0402803850813009,False,1.0,2,MODERADO,True,False,False,1,0.3225480283114257,0.4761904761904763,CRESCIMENTO_FORTE,True,AGUARDAR,0.0,0.0,1.0,False,,False,0.0,1.0,fundamentos aprovados | queda 37.3% | Falling Score 2 | 1 confirmações | condições insuficientes para entrada,2026-08-17 03:31:45.612147+00:00
META,2026-08-14 00:00:00,589.8499755859375,787.4192504882812,0.2509073467277189,True,597.0579211425782,-0.0120724393754745,-0.0038000339347648,0.0595282145197468,-0.0869336903929128,0.5306644123132911,0.0445502969210525,False,1.0,2,MODERADO,True,False,False,1,0.2795900328310463,-0.134453781512605,NAO_APROVADO,False,AGUARDAR,0.0,0.0,1.0,False,,False,0.0,1.0,fundamentos não aprovados | queda 25.1% | Falling Score 2 | 1 confirmações | condições insuficientes para entrada,2026-08-17 03:31:45.612147+00:00
GOOGL,2026-08-14 00:00:00,345.8999938964844,402.3796691894531,0.1403641376979618,False,353.8855554199219,-0.0225653785556797,-0.0237087050124111,-0.0287254958752897,-0.0025088535477423,0.5564198919962515,0.2352926091193517,False,1.0,2,MODERADO,True,False,False,1,0.2423362508814868,2.9437229437229435,CRESCIMENTO_FORTE,True,AGUARDAR,0.0,0.0,1.0,False,,False,0.0,1.0,fundamentos aprovados | queda 14.0% | Falling Score 2 | 1 confirmações | condições insuficientes para entrada,2026-08-17 03:31:45.612147+00:00
AMZN,2026-08-14 00:00:00,262.6499938964844,284.0199890136719,0.0752411659172299,False,248.1665994262696,0.0583615784867852,-0.0430997399312731,-0.0328816301543083,0.0623710651434827,0.5572669486596077,0.067841163814445,False,0.0,2,MODERADO,True,False,False,1,0.1962051734624512,2.422619047619048,CRESCIMENTO_FORTE,True,AGUARDAR,0.0,0.0,1.0,False,,False,0.0,1.0,fundamentos aprovados | queda 7.5% | Falling Score 2 | 1 confirmações | condições insuficientes para entrada,2026-08-17 03:31:45.612147+00:00
NVDA,2026-08-14 00:00:00,225.1600036621093,235.465576171875,0.0437667903619304,False,206.51959930419923,0.0902597352537626,0.005358085873677,0.1215940406580791,0.1102016980058318,0.6099679888792974,0.2207366052063505,False,1.0,2,MODERADO,True,False,False,1,0.8522763378875222,2.144736842105264,CRESCIMENTO_FORTE,True,AGUARDAR,0.0,0.0,1.0,False,,False,0.0,1.0,fundamentos aprovados | queda 4.4% | Falling Score 2 | 1 confirmações | condições insuficientes para entrada,2026-08-17 03:31:45.612147+00:00
SBUX,2026-08-14 00:00:00,107.69000244140624,111.53937530517578,0.0345113360482565,False,102.88495162963868,0.0467031449756094,0.0258441033752507,0.0290605483863488,0.0267193809981822,0.4446082152965505,0.1629640513826173,False,1.0,2,MODERADO,True,False,False,1,-0.0140968697123519,0.8571428571428572,NAO_APROVADO,False,AGUARDAR,0.0,0.0,1.0,False,,False,0.0,1.0,fundamentos não aprovados | queda 3.5% | Falling Score 2 | 1 confirmações | condições insuficientes para entrada,2026-08-17 03:31:45.612147+00:00
UBER,2026-08-14 00:00:00,75.94999694824219,100.0999984741211,0.2412587601799256,True,72.25399993896484,0.0511528360007678,0.012396698837519,0.0794484975753142,0.0481644756812782,0.4816947798024514,0.280190476892514,False,2.0,1,BAIXO,True,True,False,2,0.1217295075488102,0.857142857142857,CRESCIMENTO_FORTE,True,ENTRADA_FORTE,1.0,0.0,0.0,False,,False,1.0,0.0,fundamentos aprovados | queda 24.1% | Falling Score 1 | 2 confirmações | queda estabilizada,2026-08-17 03:43:05.762906+00:00
PYPL,2026-08-14 00:00:00,61.65999984741211,305.88092041015625,0.7984182872055827,False,50.05260009765625,0.2319040315010405,0.0438462868794433,0.0777836188455249,0.09016970209144,1.224912575388174,0.7811443573329497,False,2.0,0,BAIXO,True,True,False,2,0.0721345141830316,-0.0620155038759689,NAO_APROVADO,False,AGUARDAR,0.0,0.0,1.0,False,,False,0.0,1.0,fundamentos não aprovados | queda 79.8% | Falling Score 0 | 2 confirmações | condições insuficientes para entrada,2026-08-17 03:43:05.762906+00:00
CVX,2026-08-14 00:00:00,200.0,209.23358154296875,0.044130495090113,False,183.9932000732421,0.0869966929233581,0.0720411804099916,0.0161052590532728,0.0673497427064324,1.0090955785470683,0.501528210057722,False,1.0,0,BAIXO,True,False,False,1,0.5143436619718309,3.2137931034482765,CRESCIMENTO_FORTE,True,AGUARDAR,0.0,0.0,1.0,False,,False,0.0,1.0,fundamentos aprovados | queda 4.4% | Falling Score 0 | 1 confirmações | condições insuficientes para entrada,2026-08-17 03:43:05.762906+00:00
V,2026-08-14 00:00:00,364.1499938964844,369.7830505371094,0.0152334095152359,False,347.87827453613284,0.046774175196909,0.0064178980858735,-0.0035602204941737,0.0174768601715606,1.2217873553992449,0.3440573491864452,False,0.0,0,BAIXO,True,False,False,1,,,SEM_DADOS,False,AGUARDAR,0.0,0.0,1.0,False,,False,0.0,1.0,fundamentos não aprovados | queda 1.5% | Falling Score 0 | 1 confirmações | condições insuficientes para entrada,2026-08-17 03:43:05.762906+00:00
BA,2026-08-14 00:00:00,231.6699981689453,430.2999877929688,0.4616081693211452,False,221.3059994506836,0.0468310788861883,-0.0117310810574193,0.0718515722362893,0.0824183501857533,0.4286458177271325,0.5042251947114145,False,2.0,1,BAIXO,True,True,False,2,0.0796078948525209,,NAO_APROVADO,False,AGUARDAR,0.0,0.0,1.0,False,,False,0.0,1.0,fundamentos não aprovados | queda 46.2% | Falling Score 1 | 2 confirmações | condições insuficientes para entrada,2026-08-17 03:43:05.762906+00:00
DIS,2026-08-14 00:00:00,106.8499984741211,195.7644958496093,0.454191128935833,False,98.9302653503418,0.0800536933337148,0.0184919906995713,0.1108222867465704,0.0939899710993812,0.6997098776451671,0.8818170468653549,False,2.0,1,BAIXO,True,True,False,2,0.067568710359408,-0.482876712328767,NAO_APROVADO,False,AGUARDAR,0.0,0.0,1.0,False,,False,0.0,1.0,fundamentos não aprovados | queda 45.4% | Falling Score 1 | 2 confirmações | condições insuficientes para entrada,2026-08-17 03:43:05.762906+00:00
PFE,2026-08-14 00:00:00,26.790000915527344,47.42330932617188,0.4350879072721622,False,24.87863368988037,0.0768276606132289,0.0011211018829935,0.0711715581909488,0.0881702412894596,0.5702615674156502,0.7400016784667969,False,2.0,1,BAIXO,True,True,False,2,0.0260015013990309,,NAO_APROVADO,False,AGUARDAR,0.0,0.0,1.0,False,,False,0.0,1.0,fundamentos não aprovados | queda 43.5% | Falling Score 1 | 2 confirmações | condições insuficientes para entrada,2026-08-17 03:43:05.762906+00:00
MELI,2026-08-14 00:00:00,1844.5799560546875,2613.6298828125,0.2942459189861443,True,1755.2153955078124,0.0509137287512342,0.0131214074978551,-0.0218218010214981,-0.0156360325910822,0.5842609034605223,0.2925286213459845,False,4.0,1,BAIXO,True,True,False,2,0.468873620653758,-0.1086323957322988,NAO_APROVADO,False,AGUARDAR,0.0,0.0,1.0,False,,False,0.0,1.0,fundamentos não aprovados | queda 29.4% | Falling Score 1 | 2 confirmações | condições insuficientes para entrada,2026-08-17 03:43:05.762906+00:00
CAT,2026-08-14 00:00:00,856.5700073242188,1062.92822265625,0.1941412514349685,False,911.4767236328124,-0.0602392961717724,0.0170745376234895,0.0512512240776992,-0.0251294787188653,0.6025014597947854,0.313006687990695,False,2.0,1,BAIXO,True,True,False,2,0.2398454945983463,0.6818181818181817,CRESCIMENTO_FORTE,True,AGUARDAR,0.0,0.0,1.0,False,,False,0.0,1.0,fundamentos aprovados | queda 19.4% | Falling Score 1 | 2 confirmações | condições insuficientes para entrada,2026-08-17 03:43:05.762906+00:00
NKE,2026-08-14 00:00:00,40.72999954223633,163.68594360351562,0.7511698399656503,False,42.838999862670896,-0.0492308486938396,-0.0232614197351576,-0.0234955541536118,-0.069241291030989,1.1524951347615453,0.0322586599397034,False,1.0,1,BAIXO,True,False,False,1,0.0008873901854644,-0.3518518518518519,NAO_APROVADO,False,AGUARDAR,0.0,0.0,1.0,False,,False,0.0,1.0,fundamentos não aprovados | queda 75.1% | Falling Score 1 | 1 confirmações | condições insuficientes para entrada,2026-08-17 03:43:05.762906+00:00
NOW,2026-08-14 00:00:00,124.0,234.0780029296875,0.4702620560324619,False,107.64900039672852,0.1518917922415599,-0.0070467430555126,0.1148071226977121,0.2010848756857235,0.5952894658266548,0.2824078761776708,False,1.0,1,BAIXO,True,False,False,1,0.2401244167962675,-0.8423913043478262,NAO_APROVADO,False,AGUARDAR,0.0,0.0,1.0,False,,False,0.0,1.0,fundamentos não aprovados | queda 47.0% | Falling Score 1 | 1 confirmações | condições insuficientes para entrada,2026-08-17 03:43:05.762906+00:00
NFLX,2026-08-14 00:00:00,78.16000366210938,133.91299438476562,0.4163374210157972,False,74.84139938354492,0.0443418255925087,0.0542218007223536,0.089945679263484,0.1335751576723165,0.6045715900184597,0.4123721881390593,False,1.0,1,BAIXO,True,False,False,1,0.1336537425289954,-0.8887343532684284,NAO_APROVADO,False,AGUARDAR,0.0,0.0,1.0,False,,False,0.0,1.0,fundamentos não aprovados | queda 41.6% | Falling Score 1 | 1 confirmações | condições insuficientes para entrada,2026-08-17 03:43:05.762906+00:00
QCOM,2026-08-14 00:00:00,165.7899932861328,250.0962829589844,0.3370953325470964,False,183.87080017089843,-0.0983343024991485,-0.0123317485803172,0.1231623372441497,-0.0348702150176402,0.4805213029427604,0.688652961969869,False,1.0,1,BAIXO,True,False,False,1,-0.0403280270139894,-0.2304526748971194,NAO_APROVADO,False,AGUARDAR,0.0,0.0,1.0,False,,False,0.0,1.0,fundamentos não aprovados | queda 33.7% | Falling Score 1 | 1 confirmações | condições insuficientes para entrada,2026-08-17 03:43:05.762906+00:00
UNH,2026-08-14 00:00:00,401.7300109863281,599.775634765625,0.3301995151181615,False,414.8671667480469,-0.0316659326518772,-0.0131423203360742,-0.030574283534669,-0.0571709863196246,0.7290574049055559,0.7809693717615386,False,1.0,1,BAIXO,True,False,False,1,0.0037270642201834,0.6149732620320856,NAO_APROVADO,False,AGUARDAR,0.0,0.0,1.0,False,,False,0.0,1.0,fundamentos não aprovados | queda 33.0% | Falling Score 1 | 1 confirmações | condições insuficientes para entrada,2026-08-17 03:43:05.762906+00:00
F,2026-08-14 00:00:00,14.369999885559082,18.56574249267578,0.2259937952264461,True,14.090342102050782,0.0198474800315597,0.0390295013870471,-0.0105155773806044,0.0207752453262117,0.934680638764938,0.8627455013622602,True,1.0,1,BAIXO,True,False,False,1,0.0637989129098108,4.25,NAO_APROVADO,False,AGUARDAR,0.0,0.0,1.0,False,,False,0.0,1.0,fundamentos não aprovados | queda 22.6% | Falling Score 1 | 1 confirmações | condições insuficientes para entrada,2026-08-17 03:43:05.762906+00:00
MU,2026-08-14 00:00:00,971.6599731445312,1213.3734130859375,0.1992077931942347,False,960.6536303710938,0.0114571396239722,0.1072164784974822,0.1805887252675733,0.1445432112292319,0.6347757318656403,0.5561139469784291,True,1.0,1,BAIXO,True,False,False,1,3.457155144608107,13.68452380952381,CRESCIMENTO_FORTE,True,AGUARDAR,0.0,0.0,1.0,False,,False,0.0,1.0,fundamentos aprovados | queda 19.9% | Falling Score 1 | 1 confirmações | condições insuficientes para entrada,2026-08-17 03:43:05.762906+00:00
MCD,2026-08-14 00:00:00,272.8299865722656,336.88055419921875,0.19012842038094,False,273.6261999511719,-0.0029098579706487,-0.0060114556543962,0.0080918260615412,0.0191251551328319,0.5934564119043018,0.3832910936820479,False,1.0,1,BAIXO,True,False,False,1,0.037410492474061,0.0573248407643312,NAO_APROVADO,False,AGUARDAR,0.0,0.0,1.0,False,,False,0.0,1.0,fundamentos não aprovados | queda 19.0% | Falling Score 1 | 1 confirmações | condições insuficientes para entrada,2026-08-17 03:43:05.762906+00:00
WMT,2026-08-14 00:00:00,115.2699966430664,134.1999969482422,0.1410581276874144,False,114.48799942016602,0.0068303859518978,0.0305766492230807,0.0366007176845391,0.009016095925747,0.6547425347047484,0.3480652503793626,False,1.0,1,BAIXO,True,False,False,1,0.0713680243442838,0.1964285714285714,NAO_APROVADO,False,AGUARDAR,0.0,0.0,1.0,False,,False,0.0,1.0,fundamentos não aprovados | queda 14.1% | Falling Score 1 | 1 confirmações | condições insuficientes para entrada,2026-08-17 03:43:05.762906+00:00
COST,2026-08-14 00:00:00,961.0999755859376,1092.5828857421875,0.1203413597925197,False,949.554013671875,0.0121593524410632,0.0140110655600205,0.0096754465282435,0.0231254577426536,0.6206352842159093,0.4402078888692834,False,0.0,1,BAIXO,True,False,False,1,0.1158452654062178,0.1518691588785046,CRESCIMENTO_FORTE,True,AGUARDAR,0.0,0.0,1.0,False,,False,0.0,1.0,fundamentos aprovados | queda 12.0% | Falling Score 1 | 1 confirmações | condições insuficientes para entrada,2026-08-17 03:43:05.762906+00:00
AMD,2026-08-14 00:00:00,514.3900146484375,580.9099731445312,0.1145099267895397,False,510.400200805664,0.0078170303155751,0.0641965206828321,0.0803108710325144,0.0375786762058925,0.8838281576669518,0.9911036376754252,True,1.0,1,BAIXO,True,False,False,1,0.5011060507482108,1.5555555555555554,CRESCIMENTO_FORTE,True,AGUARDAR,0.0,0.0,1.0,False,,False,0.0,1.0,fundamentos aprovados | queda 11.5% | Falling Score 1 | 1 confirmações | condições insuficientes para entrada,2026-08-17 03:43:05.762906+00:00
AAPL,2026-08-14 00:00:00,305.92999267578125,339.78692626953125,0.0996416606296778,False,308.95068115234375,-0.0097772513894313,-0.0227752026398007,-0.0087927779916253,-0.0825377190715328,0.5183635558974528,0.5109729264326031,False,0.0,1,BAIXO,True,False,False,1,0.1635650176528138,0.286624203821656,CRESCIMENTO_FORTE,True,AGUARDAR,0.0,0.0,1.0,False,,False,0.0,1.0,fundamentos aprovados | queda 10.0% | Falling Score 1 | 1 confirmações | condições insuficientes para entrada,2026-08-17 03:43:05.762906+00:00
XOM,2026-08-14 00:00:00,160.10000610351562,170.31399536132812,0.0599715204622092,False,147.5687997436523,0.0849177223209225,0.0461318160422483,0.0299794363671987,0.0864549772013851,0.7106529859042199,0.4228897644370554,False,0.0,1,BAIXO,True,False,False,1,,,SEM_DADOS,False,AGUARDAR,0.0,0.0,1.0,False,,False,0.0,1.0,fundamentos não aprovados | queda 6.0% | Falling Score 1 | 1 confirmações | condições insuficientes para entrada,2026-08-17 03:43:05.762906+00:00
MA,2026-08-14 00:00:00,569.2899780273438,595.2506713867188,0.0436130433904358,False,528.8596759033203,0.0764480711352522,0.0112620404704439,-0.0066480504639673,0.0472590205945382,0.8253783915917058,0.7784896935496513,False,1.0,1,BAIXO,True,False,False,1,0.140661502520595,0.221130221130221,CRESCIMENTO_FORTE,True,AGUARDAR,0.0,0.0,1.0,False,,False,0.0,1.0,fundamentos aprovados | queda 4.4% | Falling Score 1 | 1 confirmações | condições insuficientes para entrada,2026-08-17 03:43:05.762906+00:00
LLY,2026-08-14 00:00:00,1180.1600341796875,1233.7921142578125,0.0434693004261802,False,1167.900048828125,0.0104974611173827,-0.0032544156944367,0.0287343993240993,0.0023248274548604,0.8448682647310912,0.3223045780677796,False,1.0,1,BAIXO,True,False,False,1,0.4766964268497271,0.2623211446740858,CRESCIMENTO_FORTE,True,AGUARDAR,0.0,0.0,1.0,False,,False,0.0,1.0,fundamentos aprovados | queda 4.3% | Falling Score 1 | 1 confirmações | condições insuficientes para entrada,2026-08-17 03:43:05.762906+00:00
GM,2026-08-14 00:00:00,86.7699966430664,90.3000030517578,0.0390919854860701,False,81.8415998840332,0.0602187245363796,-0.0092487459585901,-0.0235201885317305,0.1406598789426603,0.4922383275506789,0.6019377203638411,False,1.0,1,BAIXO,True,False,False,1,0.0208309034500455,-0.2617801047120419,NAO_APROVADO,False,AGUARDAR,0.0,0.0,1.0,False,,False,0.0,1.0,fundamentos não aprovados | queda 3.9% | Falling Score 1 | 1 confirmações | condições insuficientes para entrada,2026-08-17 03:43:05.762906+00:00
GE,2026-08-14 00:00:00,368.3800048828125,381.2200012207031,0.0336813291453116,False,356.2527758789063,0.0340410793262937,-0.0045935520728872,0.0230788385301727,0.0560445462348369,0.8591694579339599,0.9568248085211286,False,1.0,1,BAIXO,True,False,False,1,0.2110133357525174,0.1957671957671958,CRESCIMENTO_FORTE,True,AGUARDAR,0.0,0.0,1.0,False,,False,0.0,1.0,fundamentos aprovados | queda 3.4% | Falling Score 1 | 1 confirmações | condições insuficientes para entrada,2026-08-17 03:43:05.762906+00:00
JNJ,2026-08-14 00:00:00,260.3500061035156,267.239990234375,0.0257820101131448,False,251.3097998046875,0.0359723588409763,0.0042818080194226,0.0156036664901999,0.0288887646670017,0.663396647644279,0.466669858062663,False,1.0,1,BAIXO,True,False,False,1,0.065998399528282,-0.0087336244541484,NAO_APROVADO,False,AGUARDAR,0.0,0.0,1.0,False,,False,0.0,1.0,fundamentos não aprovados | queda 2.6% | Falling Score 1 | 1 confirmações | condições insuficientes para entrada,2026-08-17 03:43:05.762906+00:00
JPM,2026-08-14 00:00:00,362.8399963378906,365.1799926757813,0.0064077889939828,False,338.791650390625,0.0709826996017699,0.0148803073609831,0.0314107493805007,0.0637349453103717,0.7421836310211628,0.3123572697284953,False,1.0,1,BAIXO,True,False,False,1,0.4668939777910887,0.4694656488549618,CRESCIMENTO_FORTE,True,AGUARDAR,0.0,0.0,1.0,False,,False,0.0,1.0,fundamentos aprovados | queda 0.6% | Falling Score 1 | 1 confirmações | condições insuficientes para entrada,2026-08-17 03:43:05.762906+00:00
AVGO,2026-08-14 00:00:00,392.989990234375,480.8090515136719,0.1826485192049254,False,390.3288507080078,0.0068176859628497,-0.0812839413163023,0.0095303932046648,0.0597578525591833,1.6543432207557742,0.1870829264322916,False,2.0,2,MODERADO,True,True,True,3,0.4787390029325513,0.8543689320388348,CRESCIMENTO_FORTE,True,AGUARDAR,0.0,0.0,1.0,False,,False,0.0,1.0,fundamentos aprovados | queda 18.3% | Falling Score 2 | 3 confirmações | condições insuficientes para entrada,2026-08-17 03:43:05.762906+00:00
ORCL,2026-08-14 00:00:00,150.52000427246094,324.6299743652344,0.5363336224056932,False,152.0817073059082,-0.0102688420659687,0.0238062841673825,0.1590052354790652,0.190728580902481,0.6600583534624712,0.2266142359142612,False,2.0,2,MODERADO,True,True,False,2,0.21656050955414,0.2450980392156863,CRESCIMENTO_FORTE,True,AGUARDAR,0.0,0.0,1.0,False,,False,0.0,1.0,fundamentos aprovados | queda 53.6% | Falling Score 2 | 2 confirmações | condições insuficientes para entrada,2026-08-17 03:43:05.762906+00:00
INTC,2026-08-14 00:00:00,102.5,140.94000244140625,0.2727401857211342,True,109.4013995361328,-0.0630832838098514,0.0083620114251026,0.1363636748104957,0.0784932556040607,0.7868424848577936,0.0933603686169109,False,2.0,2,MODERADO,True,True,False,2,0.2542188350571583,,NAO_APROVADO,False,AGUARDAR,0.0,0.0,1.0,False,,False,0.0,1.0,fundamentos não aprovados | queda 27.3% | Falling Score 2 | 2 confirmações | condições insuficientes para entrada,2026-08-17 03:43:05.762906+00:00
SHOP,2026-08-14 00:00:00,154.32000732421875,179.00999450683594,0.1379251882032449,False,122.9170001220703,0.2554813994074192,0.0181434312008546,0.3172855767323983,0.248947963527097,0.466798877722919,0.1772172156704763,False,2.0,2,MODERADO,True,True,False,2,0.3369402985074627,0.681159420289855,CRESCIMENTO_FORTE,True,AGUARDAR,0.0,0.0,1.0,False,,False,0.0,1.0,fundamentos aprovados | queda 13.8% | Falling Score 2 | 2 confirmações | condições insuficientes para entrada,2026-08-17 03:43:05.762906+00:00
MSFT,2026-08-14 00:00:00,495.3999938964844,538.6585083007812,0.0803078643290301,False,412.77559753417967,0.2001678317610891,-0.0091801764586106,0.0660182316129982,0.2579350583593847,0.4198913322724547,0.2430182855023878,False,2.0,2,MODERADO,True,True,False,2,0.1829703422487369,0.2341040462427743,CRESCIMENTO_FORTE,True,AGUARDAR,0.0,0.0,1.0,False,,False,0.0,1.0,fundamentos aprovados | queda 8.0% | Falling Score 2 | 2 confirmações | condições insuficientes para entrada,2026-08-17 03:43:05.762906+00:00
ADBE,2026-08-14 00:00:00,264.0199890136719,688.3699951171875,0.6164562794914887,False,230.5265991210937,0.1452907821495441,-0.0044870196438576,0.054350805289421,0.1128345163906086,0.5360356747864977,0.2003392582108812,False,1.0,2,MODERADO,True,False,False,1,0.126851694193768,0.0786802030456852,NAO_APROVADO,False,AGUARDAR,0.0,0.0,1.0,False,,False,0.0,1.0,fundamentos não aprovados | queda 61.6% | Falling Score 2 | 1 confirmações | condições insuficientes para entrada,2026-08-17 03:43:05.762906+00:00
CRM,2026-08-14 00:00:00,196.2100067138672,363.2192077636719,0.4598027788179887,False,172.45709655761718,0.1377322860605754,0.0180035338892121,0.0662428114247712,0.1489723124959177,0.68696252340304,0.0980176988770993,False,1.0,2,MODERADO,True,False,False,1,0.1326686336351612,0.5220125786163521,CRESCIMENTO_FORTE,True,AGUARDAR,0.0,0.0,1.0,False,,False,0.0,1.0,fundamentos aprovados | queda 46.0% | Falling Score 2 | 1 confirmações | condições insuficientes para entrada,2026-08-17 03:43:05.762906+00:00
SOFI,2026-08-14 00:00:00,18.290000915527344,32.209999084472656,0.4321638796834263,False,17.489199962615967,0.0457883124798805,-0.0048965315205979,0.1213980082414771,0.0584490849969927,0.464999088504669,0.0333341810459926,False,0.0,2,MODERADO,True,False,False,1,0.0111067219698466,0.5,NAO_APROVADO,False,AGUARDAR,0.0,0.0,1.0,False,,False,0.0,1.0,fundamentos não aprovados | queda 43.2% | Falling Score 2 | 1 confirmações | condições insuficientes para entrada,2026-08-17 03:43:05.762906+00:00
HOOD,2026-08-14 00:00:00,95.55999755859376,152.4600067138672,0.3732126895551161,False,99.09340042114258,-0.0356572975347704,0.0243326896858093,0.103974124928871,-0.0440176227108667,0.7543174014947392,0.0402803850813009,False,1.0,2,MODERADO,True,False,False,1,0.3225480283114257,0.4761904761904763,CRESCIMENTO_FORTE,True,AGUARDAR,0.0,0.0,1.0,False,,False,0.0,1.0,fundamentos aprovados | queda 37.3% | Falling Score 2 | 1 confirmações | condições insuficientes para entrada,2026-08-17 03:43:05.762906+00:00
META,2026-08-14 00:00:00,589.8499755859375,787.419189453125,0.2509072886633642,True,597.0579211425782,-0.0120724393754745,-0.0038000339347648,0.0595282145197468,-0.0869336903929128,0.5306644123132911,0.0445502969210525,False,1.0,2,MODERADO,True,False,False,1,0.2795900328310463,-0.134453781512605,NAO_APROVADO,False,AGUARDAR,0.0,0.0,1.0,False,,False,0.0,1.0,fundamentos não aprovados | queda 25.1% | Falling Score 2 | 1 confirmações | condições insuficientes para entrada,2026-08-17 03:43:05.762906+00:00
GOOGL,2026-08-14 00:00:00,345.8999938964844,402.3796691894531,0.1403641376979618,False,353.8855554199219,-0.0225653785556797,-0.0237087050124111,-0.0287254958752897,-0.0025088535477423,0.5564198919962515,0.2352926091193517,False,1.0,2,MODERADO,True,False,False,1,0.2423362508814868,2.9437229437229435,CRESCIMENTO_FORTE,True,AGUARDAR,0.0,0.0,1.0,False,,False,0.0,1.0,fundamentos aprovados | queda 14.0% | Falling Score 2 | 1 confirmações | condições insuficientes para entrada,2026-08-17 03:43:05.762906+00:00
AMZN,2026-08-14 00:00:00,262.6499938964844,284.0199890136719,0.0752411659172299,False,248.1665994262696,0.0583615784867852,-0.0430997399312731,-0.0328816301543083,0.0623710651434827,0.5572669486596077,0.067841163814445,False,0.0,2,MODERADO,True,False,False,1,0.1962051734624512,2.422619047619048,CRESCIMENTO_FORTE,True,AGUARDAR,0.0,0.0,1.0,False,,False,0.0,1.0,fundamentos aprovados | queda 7.5% | Falling Score 2 | 1 confirmações | condições insuficientes para entrada,2026-08-17 03:43:05.762906+00:00
NVDA,2026-08-14 00:00:00,225.1600036621093,235.465576171875,0.0437667903619304,False,206.51959930419923,0.0902597352537626,0.005358085873677,0.1215940406580791,0.1102016980058318,0.6099679888792974,0.2207366052063505,False,1.0,2,MODERADO,True,False,False,1,0.8522763378875222,2.144736842105264,CRESCIMENTO_FORTE,True,AGUARDAR,0.0,0.0,1.0,False,,False,0.0,1.0,fundamentos aprovados | queda 4.4% | Falling Score 2 | 1 confirmações | condições insuficientes para entrada,2026-08-17 03:43:05.762906+00:00
SBUX,2026-08-14 00:00:00,107.69000244140624,111.53936767578124,0.0345112700079509,False,102.88495162963868,0.0467031449756094,0.0258441033752507,0.0290605483863488,0.0267193809981822,0.4446082152965505,0.1629640513826173,False,1.0,2,MODERADO,True,False,False,1,-0.0140968697123519,0.8571428571428572,NAO_APROVADO,False,AGUARDAR,0.0,0.0,1.0,False,,False,0.0,1.0,fundamentos não aprovados | queda 3.5% | Falling Score 2 | 1 confirmações | condições insuficientes para entrada,2026-08-17 03:43:05.762906+00:00
UBER,2026-08-14 00:00:00,75.94999694824219,100.0999984741211,0.2412587601799256,True,72.25399993896484,0.0511528360007678,0.012396698837519,0.0794484975753142,0.0481644756812782,0.4816947798024514,0.280190476892514,False,2.0,1,BAIXO,True,True,False,2,0.1217295075488102,0.857142857142857,CRESCIMENTO_FORTE,True,ENTRADA_FORTE,1.0,0.0,0.0,False,,False,1.0,0.0,fundamentos aprovados | queda 24.1% | Falling Score 1 | 2 confirmações | queda estabilizada,2026-08-17 03:58:58.698633+00:00
PYPL,2026-08-14 00:00:00,61.65999984741211,305.8809509277344,0.7984183073172819,False,50.05260009765625,0.2319040315010405,0.0438462868794433,0.0777836188455249,0.09016970209144,1.224912575388174,0.7811443573329497,False,2.0,0,BAIXO,True,True,False,2,0.0721345141830316,-0.0620155038759689,NAO_APROVADO,False,AGUARDAR,0.0,0.0,1.0,False,,False,0.0,1.0,fundamentos não aprovados | queda 79.8% | Falling Score 0 | 2 confirmações | condições insuficientes para entrada,2026-08-17 03:58:58.698633+00:00
CVX,2026-08-14 00:00:00,200.0,209.23358154296875,0.044130495090113,False,183.9932000732421,0.0869966929233581,0.0720411804099916,0.0161052590532728,0.0673497427064324,1.0090955785470683,0.501528210057722,False,1.0,0,BAIXO,True,False,False,1,0.5143436619718309,3.2137931034482765,CRESCIMENTO_FORTE,True,AGUARDAR,0.0,0.0,1.0,False,,False,0.0,1.0,fundamentos aprovados | queda 4.4% | Falling Score 0 | 1 confirmações | condições insuficientes para entrada,2026-08-17 03:58:58.698633+00:00
V,2026-08-14 00:00:00,364.1499938964844,369.7830505371094,0.0152334095152359,False,347.87827453613284,0.046774175196909,0.0064178980858735,-0.0035602204941737,0.0174768601715606,1.2217873553992449,0.3440573491864452,False,0.0,0,BAIXO,True,False,False,1,,,SEM_DADOS,False,AGUARDAR,0.0,0.0,1.0,False,,False,0.0,1.0,fundamentos não aprovados | queda 1.5% | Falling Score 0 | 1 confirmações | condições insuficientes para entrada,2026-08-17 03:58:58.698633+00:00
BA,2026-08-14 00:00:00,231.6699981689453,430.2999877929688,0.4616081693211452,False,221.3059994506836,0.0468310788861883,-0.0117310810574193,0.0718515722362893,0.0824183501857533,0.4286458177271325,0.5042251947114145,False,2.0,1,BAIXO,True,True,False,2,0.0796078948525209,,NAO_APROVADO,False,AGUARDAR,0.0,0.0,1.0,False,,False,0.0,1.0,fundamentos não aprovados | queda 46.2% | Falling Score 1 | 2 confirmações | condições insuficientes para entrada,2026-08-17 03:58:58.698633+00:00
DIS,2026-08-14 00:00:00,106.8499984741211,195.7644958496093,0.454191128935833,False,98.9302653503418,0.0800536933337148,0.0184919906995713,0.1108222867465704,0.0939899710993812,0.6997098776451671,0.8818170468653549,False,2.0,1,BAIXO,True,True,False,2,0.067568710359408,-0.482876712328767,NAO_APROVADO,False,AGUARDAR,0.0,0.0,1.0,False,,False,0.0,1.0,fundamentos não aprovados | queda 45.4% | Falling Score 1 | 2 confirmações | condições insuficientes para entrada,2026-08-17 03:58:58.698633+00:00
PFE,2026-08-14 00:00:00,26.790000915527344,47.42331314086914,0.4350879527132854,False,24.87863368988037,0.0768276606132289,0.0011211018829935,0.0711715581909488,0.0881702412894596,0.5702615674156502,0.7400016784667969,False,2.0,1,BAIXO,True,True,False,2,0.0260015013990309,,NAO_APROVADO,False,AGUARDAR,0.0,0.0,1.0,False,,False,0.0,1.0,fundamentos não aprovados | queda 43.5% | Falling Score 1 | 2 confirmações | condições insuficientes para entrada,2026-08-17 03:58:58.698633+00:00
CAT,2026-08-14 00:00:00,856.5700073242188,1062.92822265625,0.1941412514349685,False,911.4767236328124,-0.0602392961717724,0.0170745376234895,0.0512512240776992,-0.0251294787188653,0.6025014597947854,0.313006687990695,False,2.0,1,BAIXO,True,True,False,2,0.2398454945983463,0.6818181818181817,CRESCIMENTO_FORTE,True,AGUARDAR,0.0,0.0,1.0,False,,False,0.0,1.0,fundamentos aprovados | queda 19.4% | Falling Score 1 | 2 confirmações | condições insuficientes para entrada,2026-08-17 03:58:58.698633+00:00
NKE,2026-08-14 00:00:00,40.72999954223633,163.6859588623047,0.7511698631615735,False,42.838999862670896,-0.0492308486938396,-0.0232614197351576,-0.0234955541536118,-0.069241291030989,1.1524951347615453,0.0322586599397034,False,1.0,1,BAIXO,True,False,False,1,0.0008873901854644,-0.3518518518518519,NAO_APROVADO,False,AGUARDAR,0.0,0.0,1.0,False,,False,0.0,1.0,fundamentos não aprovados | queda 75.1% | Falling Score 1 | 1 confirmações | condições insuficientes para entrada,2026-08-17 03:58:58.698633+00:00
NOW,2026-08-14 00:00:00,124.0,234.0780029296875,0.4702620560324619,False,107.64900039672852,0.1518917922415599,-0.0070467430555126,0.1148071226977121,0.2010848756857235,0.5952894658266548,0.2824078761776708,False,1.0,1,BAIXO,True,False,False,1,0.2401244167962675,-0.8423913043478262,NAO_APROVADO,False,AGUARDAR,0.0,0.0,1.0,False,,False,0.0,1.0,fundamentos não aprovados | queda 47.0% | Falling Score 1 | 1 confirmações | condições insuficientes para entrada,2026-08-17 03:58:58.698633+00:00
NFLX,2026-08-14 00:00:00,78.16000366210938,133.91299438476562,0.4163374210157972,False,74.84139938354492,0.0443418255925087,0.0542218007223536,0.089945679263484,0.1335751576723165,0.6045715900184597,0.4123721881390593,False,1.0,1,BAIXO,True,False,False,1,0.1336537425289954,-0.8887343532684284,NAO_APROVADO,False,AGUARDAR,0.0,0.0,1.0,False,,False,0.0,1.0,fundamentos não aprovados | queda 41.6% | Falling Score 1 | 1 confirmações | condições insuficientes para entrada,2026-08-17 03:58:58.698633+00:00
QCOM,2026-08-14 00:00:00,165.7899932861328,250.0962829589844,0.3370953325470964,False,183.87080017089843,-0.0983343024991485,-0.0123317485803172,0.1231623372441497,-0.0348702150176402,0.4805213029427604,0.688652961969869,False,1.0,1,BAIXO,True,False,False,1,-0.0403280270139894,-0.2304526748971194,NAO_APROVADO,False,AGUARDAR,0.0,0.0,1.0,False,,False,0.0,1.0,fundamentos não aprovados | queda 33.7% | Falling Score 1 | 1 confirmações | condições insuficientes para entrada,2026-08-17 03:58:58.698633+00:00
UNH,2026-08-14 00:00:00,401.7300109863281,599.775634765625,0.3301995151181615,False,414.8671667480469,-0.0316659326518772,-0.0131423203360742,-0.030574283534669,-0.0571709863196246,0.7290574049055559,0.7809693717615386,False,1.0,1,BAIXO,True,False,False,1,0.0037270642201834,0.6149732620320856,NAO_APROVADO,False,AGUARDAR,0.0,0.0,1.0,False,,False,0.0,1.0,fundamentos não aprovados | queda 33.0% | Falling Score 1 | 1 confirmações | condições insuficientes para entrada,2026-08-17 03:58:58.698633+00:00
MELI,2026-08-14 00:00:00,1844.5799560546875,2613.6298828125,0.2942459189861443,True,1764.3645947265625,0.0454641640213577,0.0131214074978551,-0.0177693740434158,0.0169081824881518,0.6100483878261656,0.2925286213459845,False,1.0,1,BAIXO,True,False,False,1,0.468873620653758,-0.1086323957322988,NAO_APROVADO,False,AGUARDAR,0.0,0.0,1.0,False,,False,0.0,1.0,fundamentos não aprovados | queda 29.4% | Falling Score 1 | 1 confirmações | condições insuficientes para entrada,2026-08-17 03:58:58.698633+00:00
F,2026-08-14 00:00:00,14.369999885559082,18.56574058532715,0.2259937157090322,True,14.090342102050782,0.0198474800315597,0.0390295013870471,-0.0105155773806044,0.0207752453262117,0.934680638764938,0.8627455013622602,True,1.0,1,BAIXO,True,False,False,1,0.0637989129098108,4.25,NAO_APROVADO,False,AGUARDAR,0.0,0.0,1.0,False,,False,0.0,1.0,fundamentos não aprovados | queda 22.6% | Falling Score 1 | 1 confirmações | condições insuficientes para entrada,2026-08-17 03:58:58.698633+00:00
MU,2026-08-14 00:00:00,971.6599731445312,1213.3734130859375,0.1992077931942347,False,960.6536303710938,0.0114571396239722,0.1072164784974822,0.1805887252675733,0.1445432112292319,0.6347757318656403,0.5561139469784291,True,1.0,1,BAIXO,True,False,False,1,3.457155144608107,13.68452380952381,CRESCIMENTO_FORTE,True,AGUARDAR,0.0,0.0,1.0,False,,False,0.0,1.0,fundamentos aprovados | queda 19.9% | Falling Score 1 | 1 confirmações | condições insuficientes para entrada,2026-08-17 03:58:58.698633+00:00
MCD,2026-08-14 00:00:00,272.8299865722656,336.8805847167969,0.190128493746163,False,273.6261999511719,-0.0029098579706487,-0.0060114556543962,0.0080918260615412,0.0191251551328319,0.5934564119043018,0.3832910936820479,False,1.0,1,BAIXO,True,False,False,1,0.037410492474061,0.0573248407643312,NAO_APROVADO,False,AGUARDAR,0.0,0.0,1.0,False,,False,0.0,1.0,fundamentos não aprovados | queda 19.0% | Falling Score 1 | 1 confirmações | condições insuficientes para entrada,2026-08-17 03:58:58.698633+00:00
WMT,2026-08-14 00:00:00,115.2699966430664,134.1999969482422,0.1410581276874144,False,114.48799942016602,0.0068303859518978,0.0305766492230807,0.0366007176845391,0.009016095925747,0.6547425347047484,0.3480652503793626,False,1.0,1,BAIXO,True,False,False,1,0.0713680243442838,0.1964285714285714,NAO_APROVADO,False,AGUARDAR,0.0,0.0,1.0,False,,False,0.0,1.0,fundamentos não aprovados | queda 14.1% | Falling Score 1 | 1 confirmações | condições insuficientes para entrada,2026-08-17 03:58:58.698633+00:00
COST,2026-08-14 00:00:00,961.0999755859376,1092.5828857421875,0.1203413597925197,False,949.554013671875,0.0121593524410632,0.0140110655600205,0.0096754465282435,0.0231254577426536,0.6206352842159093,0.4402078888692834,False,0.0,1,BAIXO,True,False,False,1,0.1158452654062178,0.1518691588785046,CRESCIMENTO_FORTE,True,AGUARDAR,0.0,0.0,1.0,False,,False,0.0,1.0,fundamentos aprovados | queda 12.0% | Falling Score 1 | 1 confirmações | condições insuficientes para entrada,2026-08-17 03:58:58.698633+00:00
AMD,2026-08-14 00:00:00,514.3900146484375,580.9099731445312,0.1145099267895397,False,510.400200805664,0.0078170303155751,0.0641965206828321,0.0803108710325144,0.0375786762058925,0.8838281576669518,0.9911036376754252,True,1.0,1,BAIXO,True,False,False,1,0.5011060507482108,1.5555555555555554,CRESCIMENTO_FORTE,True,AGUARDAR,0.0,0.0,1.0,False,,False,0.0,1.0,fundamentos aprovados | queda 11.5% | Falling Score 1 | 1 confirmações | condições insuficientes para entrada,2026-08-17 03:58:58.698633+00:00
AAPL,2026-08-14 00:00:00,305.92999267578125,339.78692626953125,0.0996416606296778,False,308.95068115234375,-0.0097772513894313,-0.0227752026398007,-0.0087927779916253,-0.0825377190715328,0.5183635558974528,0.5109729264326031,False,0.0,1,BAIXO,True,False,False,1,0.1635650176528138,0.286624203821656,CRESCIMENTO_FORTE,True,AGUARDAR,0.0,0.0,1.0,False,,False,0.0,1.0,fundamentos aprovados | queda 10.0% | Falling Score 1 | 1 confirmações | condições insuficientes para entrada,2026-08-17 03:58:58.698633+00:00
XOM,2026-08-14 00:00:00,160.10000610351562,170.31399536132812,0.0599715204622092,False,147.5687997436523,0.0849177223209225,0.0461318160422483,0.0299794363671987,0.0864549772013851,0.7106529859042199,0.4228897644370554,False,0.0,1,BAIXO,True,False,False,1,,,SEM_DADOS,False,AGUARDAR,0.0,0.0,1.0,False,,False,0.0,1.0,fundamentos não aprovados | queda 6.0% | Falling Score 1 | 1 confirmações | condições insuficientes para entrada,2026-08-17 03:58:58.698633+00:00
MA,2026-08-14 00:00:00,569.2899780273438,595.2506713867188,0.0436130433904358,False,528.8596759033203,0.0764480711352522,0.0112620404704439,-0.0066480504639673,0.0472590205945382,0.8253783915917058,0.7784896935496513,False,1.0,1,BAIXO,True,False,False,1,0.140661502520595,0.221130221130221,CRESCIMENTO_FORTE,True,AGUARDAR,0.0,0.0,1.0,False,,False,0.0,1.0,fundamentos aprovados | queda 4.4% | Falling Score 1 | 1 confirmações | condições insuficientes para entrada,2026-08-17 03:58:58.698633+00:00
LLY,2026-08-14 00:00:00,1180.1600341796875,1233.7921142578125,0.0434693004261802,False,1167.900048828125,0.0104974611173827,-0.0032544156944367,0.0287343993240993,0.0023248274548604,0.8448682647310912,0.3223045780677796,False,1.0,1,BAIXO,True,False,False,1,0.4766964268497271,0.2623211446740858,CRESCIMENTO_FORTE,True,AGUARDAR,0.0,0.0,1.0,False,,False,0.0,1.0,fundamentos aprovados | queda 4.3% | Falling Score 1 | 1 confirmações | condições insuficientes para entrada,2026-08-17 03:58:58.698633+00:00
GM,2026-08-14 00:00:00,86.7699966430664,90.3000030517578,0.0390919854860701,False,81.8415998840332,0.0602187245363796,-0.0092487459585901,-0.0235201885317305,0.1406598789426603,0.4922383275506789,0.6019377203638411,False,1.0,1,BAIXO,True,False,False,1,0.0208309034500455,-0.2617801047120419,NAO_APROVADO,False,AGUARDAR,0.0,0.0,1.0,False,,False,0.0,1.0,fundamentos não aprovados | queda 3.9% | Falling Score 1 | 1 confirmações | condições insuficientes para entrada,2026-08-17 03:58:58.698633+00:00
GE,2026-08-14 00:00:00,368.3800048828125,381.2200012207031,0.0336813291453116,False,356.2527758789063,0.0340410793262937,-0.0045935520728872,0.0230788385301727,0.0560445462348369,0.8591694579339599,0.9568248085211286,False,1.0,1,BAIXO,True,False,False,1,0.2110133357525174,0.1957671957671958,CRESCIMENTO_FORTE,True,AGUARDAR,0.0,0.0,1.0,False,,False,0.0,1.0,fundamentos aprovados | queda 3.4% | Falling Score 1 | 1 confirmações | condições insuficientes para entrada,2026-08-17 03:58:58.698633+00:00
JNJ,2026-08-14 00:00:00,260.3500061035156,267.239990234375,0.0257820101131448,False,251.3097998046875,0.0359723588409763,0.0042818080194226,0.0156036664901999,0.0288887646670017,0.663396647644279,0.466669858062663,False,1.0,1,BAIXO,True,False,False,1,0.065998399528282,-0.0087336244541484,NAO_APROVADO,False,AGUARDAR,0.0,0.0,1.0,False,,False,0.0,1.0,fundamentos não aprovados | queda 2.6% | Falling Score 1 | 1 confirmações | condições insuficientes para entrada,2026-08-17 03:58:58.698633+00:00
JPM,2026-08-14 00:00:00,362.8399963378906,365.1799926757813,0.0064077889939828,False,338.791650390625,0.0709826996017699,0.0148803073609831,0.0314107493805007,0.0637349453103717,0.7421836310211628,0.3123572697284953,False,1.0,1,BAIXO,True,False,False,1,0.4668939777910887,0.4694656488549618,CRESCIMENTO_FORTE,True,AGUARDAR,0.0,0.0,1.0,False,,False,0.0,1.0,fundamentos aprovados | queda 0.6% | Falling Score 1 | 1 confirmações | condições insuficientes para entrada,2026-08-17 03:58:58.698633+00:00
AVGO,2026-08-14 00:00:00,392.989990234375,480.8090515136719,0.1826485192049254,False,390.3288507080078,0.0068176859628497,-0.0812839413163023,0.0095303932046648,0.0597578525591833,1.6543432207557742,0.1870829264322916,False,2.0,2,MODERADO,True,True,True,3,0.4787390029325513,0.8543689320388348,CRESCIMENTO_FORTE,True,AGUARDAR,0.0,0.0,1.0,False,,False,0.0,1.0,fundamentos aprovados | queda 18.3% | Falling Score 2 | 3 confirmações | condições insuficientes para entrada,2026-08-17 03:58:58.698633+00:00
ORCL,2026-08-14 00:00:00,150.52000427246094,324.62994384765625,0.536333578817678,False,152.0817073059082,-0.0102688420659687,0.0238062841673825,0.1590052354790652,0.190728580902481,0.6600583534624712,0.2266142359142612,False,2.0,2,MODERADO,True,True,False,2,0.21656050955414,0.2450980392156863,CRESCIMENTO_FORTE,True,AGUARDAR,0.0,0.0,1.0,False,,False,0.0,1.0,fundamentos aprovados | queda 53.6% | Falling Score 2 | 2 confirmações | condições insuficientes para entrada,2026-08-17 03:58:58.698633+00:00
INTC,2026-08-14 00:00:00,102.5,140.94000244140625,0.2727401857211342,True,109.4013995361328,-0.0630832838098514,0.0083620114251026,0.1363636748104957,0.0784932556040607,0.7868424848577936,0.0933603686169109,False,2.0,2,MODERADO,True,True,False,2,0.2542188350571583,,NAO_APROVADO,False,AGUARDAR,0.0,0.0,1.0,False,,False,0.0,1.0,fundamentos não aprovados | queda 27.3% | Falling Score 2 | 2 confirmações | condições insuficientes para entrada,2026-08-17 03:58:58.698633+00:00
SHOP,2026-08-14 00:00:00,154.32000732421875,179.00999450683594,0.1379251882032449,False,122.9170001220703,0.2554813994074192,0.0181434312008546,0.3172855767323983,0.248947963527097,0.466798877722919,0.1772172156704763,False,2.0,2,MODERADO,True,True,False,2,0.3369402985074627,0.681159420289855,CRESCIMENTO_FORTE,True,AGUARDAR,0.0,0.0,1.0,False,,False,0.0,1.0,fundamentos aprovados | queda 13.8% | Falling Score 2 | 2 confirmações | condições insuficientes para entrada,2026-08-17 03:58:58.698633+00:00
MSFT,2026-08-14 00:00:00,495.3999938964844,538.6585693359375,0.0803079685389255,False,412.77559753417967,0.2001678317610891,-0.0091801764586106,0.0660182316129982,0.2579350583593847,0.4198913322724547,0.2430182855023878,False,2.0,2,MODERADO,True,True,False,2,0.1829703422487369,0.2341040462427743,CRESCIMENTO_FORTE,True,AGUARDAR,0.0,0.0,1.0,False,,False,0.0,1.0,fundamentos aprovados | queda 8.0% | Falling Score 2 | 2 confirmações | condições insuficientes para entrada,2026-08-17 03:58:58.698633+00:00
ADBE,2026-08-14 00:00:00,264.0199890136719,688.3699951171875,0.6164562794914887,False,230.5265991210937,0.1452907821495441,-0.0044870196438576,0.054350805289421,0.1128345163906086,0.5360356747864977,0.2003392582108812,False,1.0,2,MODERADO,True,False,False,1,0.126851694193768,0.0786802030456852,NAO_APROVADO,False,AGUARDAR,0.0,0.0,1.0,False,,False,0.0,1.0,fundamentos não aprovados | queda 61.6% | Falling Score 2 | 1 confirmações | condições insuficientes para entrada,2026-08-17 03:58:58.698633+00:00
CRM,2026-08-14 00:00:00,196.2100067138672,363.2192077636719,0.4598027788179887,False,172.45709655761718,0.1377322860605754,0.0180035338892121,0.0662428114247712,0.1489723124959177,0.68696252340304,0.0980176988770993,False,1.0,2,MODERADO,True,False,False,1,0.1326686336351612,0.5220125786163521,CRESCIMENTO_FORTE,True,AGUARDAR,0.0,0.0,1.0,False,,False,0.0,1.0,fundamentos aprovados | queda 46.0% | Falling Score 2 | 1 confirmações | condições insuficientes para entrada,2026-08-17 03:58:58.698633+00:00
SOFI,2026-08-14 00:00:00,18.290000915527344,32.209999084472656,0.4321638796834263,False,17.489199962615967,0.0457883124798805,-0.0048965315205979,0.1213980082414771,0.0584490849969927,0.464999088504669,0.0333341810459926,False,0.0,2,MODERADO,True,False,False,1,0.0111067219698466,0.5,NAO_APROVADO,False,AGUARDAR,0.0,0.0,1.0,False,,False,0.0,1.0,fundamentos não aprovados | queda 43.2% | Falling Score 2 | 1 confirmações | condições insuficientes para entrada,2026-08-17 03:58:58.698633+00:00
HOOD,2026-08-14 00:00:00,95.55999755859376,152.4600067138672,0.3732126895551161,False,99.09340042114258,-0.0356572975347704,0.0243326896858093,0.103974124928871,-0.0440176227108667,0.7543174014947392,0.0402803850813009,False,1.0,2,MODERADO,True,False,False,1,0.3225480283114257,0.4761904761904763,CRESCIMENTO_FORTE,True,AGUARDAR,0.0,0.0,1.0,False,,False,0.0,1.0,fundamentos aprovados | queda 37.3% | Falling Score 2 | 1 confirmações | condições insuficientes para entrada,2026-08-17 03:58:58.698633+00:00
META,2026-08-14 00:00:00,589.8499755859375,787.4192504882812,0.2509073467277189,True,597.0579211425782,-0.0120724393754745,-0.0038000339347648,0.0595282145197468,-0.0869336903929128,0.5306644123132911,0.0445502969210525,False,1.0,2,MODERADO,True,False,False,1,0.2795900328310463,-0.134453781512605,NAO_APROVADO,False,AGUARDAR,0.0,0.0,1.0,False,,False,0.0,1.0,fundamentos não aprovados | queda 25.1% | Falling Score 2 | 1 confirmações | condições insuficientes para entrada,2026-08-17 03:58:58.698633+00:00
GOOGL,2026-08-14 00:00:00,345.8999938964844,402.3796691894531,0.1403641376979618,False,353.8855554199219,-0.0225653785556797,-0.0237087050124111,-0.0287254958752897,-0.0025088535477423,0.5564198919962515,0.2352926091193517,False,1.0,2,MODERADO,True,False,False,1,0.2423362508814868,2.9437229437229435,CRESCIMENTO_FORTE,True,AGUARDAR,0.0,0.0,1.0,False,,False,0.0,1.0,fundamentos aprovados | queda 14.0% | Falling Score 2 | 1 confirmações | condições insuficientes para entrada,2026-08-17 03:58:58.698633+00:00
AMZN,2026-08-14 00:00:00,262.6499938964844,284.0199890136719,0.0752411659172299,False,248.1665994262696,0.0583615784867852,-0.0430997399312731,-0.0328816301543083,0.0623710651434827,0.5572669486596077,0.067841163814445,False,0.0,2,MODERADO,True,False,False,1,0.1962051734624512,2.422619047619048,CRESCIMENTO_FORTE,True,AGUARDAR,0.0,0.0,1.0,False,,False,0.0,1.0,fundamentos aprovados | queda 7.5% | Falling Score 2 | 1 confirmações | condições insuficientes para entrada,2026-08-17 03:58:58.698633+00:00
NVDA,2026-08-14 00:00:00,225.1600036621093,235.465576171875,0.0437667903619304,False,206.51959930419923,0.0902597352537626,0.005358085873677,0.1215940406580791,0.1102016980058318,0.6099679888792974,0.2207366052063505,False,1.0,2,MODERADO,True,False,False,1,0.8522763378875222,2.144736842105264,CRESCIMENTO_FORTE,True,AGUARDAR,0.0,0.0,1.0,False,,False,0.0,1.0,fundamentos aprovados | queda 4.4% | Falling Score 2 | 1 confirmações | condições insuficientes para entrada,2026-08-17 03:58:58.698633+00:00
SBUX,2026-08-14 00:00:00,107.69000244140624,111.53937530517578,0.0345113360482565,False,102.88495162963868,0.0467031449756094,0.0258441033752507,0.0290605483863488,0.0267193809981822,0.4446082152965505,0.1629640513826173,False,1.0,2,MODERADO,True,False,False,1,-0.0140968697123519,0.8571428571428572,NAO_APROVADO,False,AGUARDAR,0.0,0.0,1.0,False,,False,0.0,1.0,fundamentos não aprovados | queda 3.5% | Falling Score 2 | 1 confirmações | condições insuficientes para entrada,2026-08-17 03:58:58.698633+00:00
UBER,2026-08-14 00:00:00,75.94999694824219,100.0999984741211,0.2412587601799256,True,72.25399993896484,0.0511528360007678,0.012396698837519,0.0794484975753142,0.0481644756812782,0.4816947798024514,0.280190476892514,False,2.0,1,BAIXO,True,True,False,2,0.1217295075488102,0.857142857142857,CRESCIMENTO_FORTE,True,ENTRADA_FORTE,1.0,0.0,0.0,False,,False,1.0,0.0,fundamentos aprovados | queda 24.1% | Falling Score 1 | 2 confirmações | queda estabilizada,2026-08-17 04:03:04.599735+00:00
PYPL,2026-08-14 00:00:00,61.65999984741211,305.88092041015625,0.7984182872055827,False,50.05260009765625,0.2319040315010405,0.0438462868794433,0.0777836188455249,0.09016970209144,1.224912575388174,0.7811443573329497,False,2.0,0,BAIXO,True,True,False,2,0.0721345141830316,-0.0620155038759689,NAO_APROVADO,False,AGUARDAR,0.0,0.0,1.0,False,,False,0.0,1.0,fundamentos não aprovados | queda 79.8% | Falling Score 0 | 2 confirmações | condições insuficientes para entrada,2026-08-17 04:03:04.599735+00:00
CVX,2026-08-14 00:00:00,200.0,209.23358154296875,0.044130495090113,False,183.9932000732421,0.0869966929233581,0.0720411804099916,0.0161052590532728,0.0673497427064324,1.0090955785470683,0.501528210057722,False,1.0,0,BAIXO,True,False,False,1,0.5143436619718309,3.2137931034482765,CRESCIMENTO_FORTE,True,AGUARDAR,0.0,0.0,1.0,False,,False,0.0,1.0,fundamentos aprovados | queda 4.4% | Falling Score 0 | 1 confirmações | condições insuficientes para entrada,2026-08-17 04:03:04.599735+00:00
V,2026-08-14 00:00:00,364.1499938964844,369.7830505371094,0.0152334095152359,False,347.87827453613284,0.046774175196909,0.0064178980858735,-0.0035602204941737,0.0174768601715606,1.2217873553992449,0.3440573491864452,False,0.0,0,BAIXO,True,False,False,1,,,SEM_DADOS,False,AGUARDAR,0.0,0.0,1.0,False,,False,0.0,1.0,fundamentos não aprovados | queda 1.5% | Falling Score 0 | 1 confirmações | condições insuficientes para entrada,2026-08-17 04:03:04.599735+00:00
BA,2026-08-14 00:00:00,231.6699981689453,430.2999572753906,0.4616081311375143,False,221.3059994506836,0.0468310788861883,-0.0117310810574193,0.0718515722362893,0.0824183501857533,0.4286458177271325,0.5042251947114145,False,2.0,1,BAIXO,True,True,False,2,0.0796078948525209,,NAO_APROVADO,False,AGUARDAR,0.0,0.0,1.0,False,,False,0.0,1.0,fundamentos não aprovados | queda 46.2% | Falling Score 1 | 2 confirmações | condições insuficientes para entrada,2026-08-17 04:03:04.599735+00:00
DIS,2026-08-14 00:00:00,106.8499984741211,195.7644958496093,0.454191128935833,False,98.9302653503418,0.0800536933337148,0.0184919906995713,0.1108222867465704,0.0939899710993812,0.6997098776451671,0.8818170468653549,False,2.0,1,BAIXO,True,True,False,2,0.067568710359408,-0.482876712328767,NAO_APROVADO,False,AGUARDAR,0.0,0.0,1.0,False,,False,0.0,1.0,fundamentos não aprovados | queda 45.4% | Falling Score 1 | 2 confirmações | condições insuficientes para entrada,2026-08-17 04:03:04.599735+00:00
PFE,2026-08-14 00:00:00,26.790000915527344,47.42330932617188,0.4350879072721622,False,24.87863368988037,0.0768276606132289,0.0011211018829935,0.0711715581909488,0.0881702412894596,0.5702615674156502,0.7400016784667969,False,2.0,1,BAIXO,True,True,False,2,0.0260015013990309,,NAO_APROVADO,False,AGUARDAR,0.0,0.0,1.0,False,,False,0.0,1.0,fundamentos não aprovados | queda 43.5% | Falling Score 1 | 2 confirmações | condições insuficientes para entrada,2026-08-17 04:03:04.599735+00:00
CAT,2026-08-14 00:00:00,856.5700073242188,1062.92822265625,0.1941412514349685,False,911.4767236328124,-0.0602392961717724,0.0170745376234895,0.0512512240776992,-0.0251294787188653,0.6025014597947854,0.313006687990695,False,2.0,1,BAIXO,True,True,False,2,0.2398454945983463,0.6818181818181817,CRESCIMENTO_FORTE,True,AGUARDAR,0.0,0.0,1.0,False,,False,0.0,1.0,fundamentos aprovados | queda 19.4% | Falling Score 1 | 2 confirmações | condições insuficientes para entrada,2026-08-17 04:03:04.599735+00:00
NKE,2026-08-14 00:00:00,40.72999954223633,163.6859588623047,0.7511698631615735,False,42.838999862670896,-0.0492308486938396,-0.0232614197351576,-0.0234955541536118,-0.069241291030989,1.1524951347615453,0.0322586599397034,False,1.0,1,BAIXO,True,False,False,1,0.0008873901854644,-0.3518518518518519,NAO_APROVADO,False,AGUARDAR,0.0,0.0,1.0,False,,False,0.0,1.0,fundamentos não aprovados | queda 75.1% | Falling Score 1 | 1 confirmações | condições insuficientes para entrada,2026-08-17 04:03:04.599735+00:00
NOW,2026-08-14 00:00:00,124.0,234.0780029296875,0.4702620560324619,False,107.64900039672852,0.1518917922415599,-0.0070467430555126,0.1148071226977121,0.2010848756857235,0.5952894658266548,0.2824078761776708,False,1.0,1,BAIXO,True,False,False,1,0.2401244167962675,-0.8423913043478262,NAO_APROVADO,False,AGUARDAR,0.0,0.0,1.0,False,,False,0.0,1.0,fundamentos não aprovados | queda 47.0% | Falling Score 1 | 1 confirmações | condições insuficientes para entrada,2026-08-17 04:03:04.599735+00:00
NFLX,2026-08-14 00:00:00,78.16000366210938,133.91299438476562,0.4163374210157972,False,74.84139938354492,0.0443418255925087,0.0542218007223536,0.089945679263484,0.1335751576723165,0.6045715900184597,0.4123721881390593,False,1.0,1,BAIXO,True,False,False,1,0.1336537425289954,-0.8887343532684284,NAO_APROVADO,False,AGUARDAR,0.0,0.0,1.0,False,,False,0.0,1.0,fundamentos não aprovados | queda 41.6% | Falling Score 1 | 1 confirmações | condições insuficientes para entrada,2026-08-17 04:03:04.599735+00:00
QCOM,2026-08-14 00:00:00,165.7899932861328,250.0962829589844,0.3370953325470964,False,183.87080017089843,-0.0983343024991485,-0.0123317485803172,0.1231623372441497,-0.0348702150176402,0.4805213029427604,0.688652961969869,False,1.0,1,BAIXO,True,False,False,1,-0.0403280270139894,-0.2304526748971194,NAO_APROVADO,False,AGUARDAR,0.0,0.0,1.0,False,,False,0.0,1.0,fundamentos não aprovados | queda 33.7% | Falling Score 1 | 1 confirmações | condições insuficientes para entrada,2026-08-17 04:03:04.599735+00:00
UNH,2026-08-14 00:00:00,401.7300109863281,599.7755737304688,0.3301994469570375,False,414.8671667480469,-0.0316659326518772,-0.0131423203360742,-0.030574283534669,-0.0571709863196246,0.7290574049055559,0.7809693717615386,False,1.0,1,BAIXO,True,False,False,1,0.0037270642201834,0.6149732620320856,NAO_APROVADO,False,AGUARDAR,0.0,0.0,1.0,False,,False,0.0,1.0,fundamentos não aprovados | queda 33.0% | Falling Score 1 | 1 confirmações | condições insuficientes para entrada,2026-08-17 04:03:04.599735+00:00
MELI,2026-08-14 00:00:00,1844.5799560546875,2613.6298828125,0.2942459189861443,True,1764.3645947265625,0.0454641640213577,0.0131214074978551,-0.0177693740434158,0.0169081824881518,0.6100483878261656,0.2925286213459845,False,1.0,1,BAIXO,True,False,False,1,0.468873620653758,-0.1086323957322988,NAO_APROVADO,False,AGUARDAR,0.0,0.0,1.0,False,,False,0.0,1.0,fundamentos não aprovados | queda 29.4% | Falling Score 1 | 1 confirmações | condições insuficientes para entrada,2026-08-17 04:03:04.599735+00:00
F,2026-08-14 00:00:00,14.369999885559082,18.56574249267578,0.2259937952264461,True,14.090342102050782,0.0198474800315597,0.0390295013870471,-0.0105155773806044,0.0207752453262117,0.934680638764938,0.8627455013622602,True,1.0,1,BAIXO,True,False,False,1,0.0637989129098108,4.25,NAO_APROVADO,False,AGUARDAR,0.0,0.0,1.0,False,,False,0.0,1.0,fundamentos não aprovados | queda 22.6% | Falling Score 1 | 1 confirmações | condições insuficientes para entrada,2026-08-17 04:03:04.599735+00:00
MU,2026-08-14 00:00:00,971.6599731445312,1213.3734130859375,0.1992077931942347,False,960.6536303710938,0.0114571396239722,0.1072164784974822,0.1805887252675733,0.1445432112292319,0.6347757318656403,0.5561139469784291,True,1.0,1,BAIXO,True,False,False,1,3.457155144608107,13.68452380952381,CRESCIMENTO_FORTE,True,AGUARDAR,0.0,0.0,1.0,False,,False,0.0,1.0,fundamentos aprovados | queda 19.9% | Falling Score 1 | 1 confirmações | condições insuficientes para entrada,2026-08-17 04:03:04.599735+00:00
MCD,2026-08-14 00:00:00,272.8299865722656,336.8805847167969,0.190128493746163,False,273.6261999511719,-0.0029098579706487,-0.0060114556543962,0.0080918260615412,0.0191251551328319,0.5934564119043018,0.3832910936820479,False,1.0,1,BAIXO,True,False,False,1,0.037410492474061,0.0573248407643312,NAO_APROVADO,False,AGUARDAR,0.0,0.0,1.0,False,,False,0.0,1.0,fundamentos não aprovados | queda 19.0% | Falling Score 1 | 1 confirmações | condições insuficientes para entrada,2026-08-17 04:03:04.599735+00:00
WMT,2026-08-14 00:00:00,115.2699966430664,134.1999969482422,0.1410581276874144,False,114.48799942016602,0.0068303859518978,0.0305766492230807,0.0366007176845391,0.009016095925747,0.6547425347047484,0.3480652503793626,False,1.0,1,BAIXO,True,False,False,1,0.0713680243442838,0.1964285714285714,NAO_APROVADO,False,AGUARDAR,0.0,0.0,1.0,False,,False,0.0,1.0,fundamentos não aprovados | queda 14.1% | Falling Score 1 | 1 confirmações | condições insuficientes para entrada,2026-08-17 04:03:04.599735+00:00
COST,2026-08-14 00:00:00,961.0999755859376,1092.5828857421875,0.1203413597925197,False,949.554013671875,0.0121593524410632,0.0140110655600205,0.0096754465282435,0.0231254577426536,0.6206352842159093,0.4402078888692834,False,0.0,1,BAIXO,True,False,False,1,0.1158452654062178,0.1518691588785046,CRESCIMENTO_FORTE,True,AGUARDAR,0.0,0.0,1.0,False,,False,0.0,1.0,fundamentos aprovados | queda 12.0% | Falling Score 1 | 1 confirmações | condições insuficientes para entrada,2026-08-17 04:03:04.599735+00:00
AMD,2026-08-14 00:00:00,514.3900146484375,580.9099731445312,0.1145099267895397,False,510.400200805664,0.0078170303155751,0.0641965206828321,0.0803108710325144,0.0375786762058925,0.8838281576669518,0.9911036376754252,True,1.0,1,BAIXO,True,False,False,1,0.5011060507482108,1.5555555555555554,CRESCIMENTO_FORTE,True,AGUARDAR,0.0,0.0,1.0,False,,False,0.0,1.0,fundamentos aprovados | queda 11.5% | Falling Score 1 | 1 confirmações | condições insuficientes para entrada,2026-08-17 04:03:04.599735+00:00
AAPL,2026-08-14 00:00:00,305.92999267578125,339.78692626953125,0.0996416606296778,False,308.95068115234375,-0.0097772513894313,-0.0227752026398007,-0.0087927779916253,-0.0825377190715328,0.5183635558974528,0.5109729264326031,False,0.0,1,BAIXO,True,False,False,1,0.1635650176528138,0.286624203821656,CRESCIMENTO_FORTE,True,AGUARDAR,0.0,0.0,1.0,False,,False,0.0,1.0,fundamentos aprovados | queda 10.0% | Falling Score 1 | 1 confirmações | condições insuficientes para entrada,2026-08-17 04:03:04.599735+00:00
XOM,2026-08-14 00:00:00,160.10000610351562,170.31399536132812,0.0599715204622092,False,147.5687997436523,0.0849177223209225,0.0461318160422483,0.0299794363671987,0.0864549772013851,0.7106529859042199,0.4228897644370554,False,0.0,1,BAIXO,True,False,False,1,,,SEM_DADOS,False,AGUARDAR,0.0,0.0,1.0,False,,False,0.0,1.0,fundamentos não aprovados | queda 6.0% | Falling Score 1 | 1 confirmações | condições insuficientes para entrada,2026-08-17 04:03:04.599735+00:00
MA,2026-08-14 00:00:00,569.2899780273438,595.250732421875,0.0436131414553757,False,528.8596759033203,0.0764480711352522,0.0112620404704439,-0.0066480504639673,0.0472590205945382,0.8253783915917058,0.7784896935496513,False,1.0,1,BAIXO,True,False,False,1,0.140661502520595,0.221130221130221,CRESCIMENTO_FORTE,True,AGUARDAR,0.0,0.0,1.0,False,,False,0.0,1.0,fundamentos aprovados | queda 4.4% | Falling Score 1 | 1 confirmações | condições insuficientes para entrada,2026-08-17 04:03:04.599735+00:00
LLY,2026-08-14 00:00:00,1180.1600341796875,1233.7921142578125,0.0434693004261802,False,1167.900048828125,0.0104974611173827,-0.0032544156944367,0.0287343993240993,0.0023248274548604,0.8448682647310912,0.3223045780677796,False,1.0,1,BAIXO,True,False,False,1,0.4766964268497271,0.2623211446740858,CRESCIMENTO_FORTE,True,AGUARDAR,0.0,0.0,1.0,False,,False,0.0,1.0,fundamentos aprovados | queda 4.3% | Falling Score 1 | 1 confirmações | condições insuficientes para entrada,2026-08-17 04:03:04.599735+00:00
GM,2026-08-14 00:00:00,86.7699966430664,90.3000030517578,0.0390919854860701,False,81.8415998840332,0.0602187245363796,-0.0092487459585901,-0.0235201885317305,0.1406598789426603,0.4922383275506789,0.6019377203638411,False,1.0,1,BAIXO,True,False,False,1,0.0208309034500455,-0.2617801047120419,NAO_APROVADO,False,AGUARDAR,0.0,0.0,1.0,False,,False,0.0,1.0,fundamentos não aprovados | queda 3.9% | Falling Score 1 | 1 confirmações | condições insuficientes para entrada,2026-08-17 04:03:04.599735+00:00
GE,2026-08-14 00:00:00,368.3800048828125,381.2200012207031,0.0336813291453116,False,356.2527758789063,0.0340410793262937,-0.0045935520728872,0.0230788385301727,0.0560445462348369,0.8591694579339599,0.9568248085211286,False,1.0,1,BAIXO,True,False,False,1,0.2110133357525174,0.1957671957671958,CRESCIMENTO_FORTE,True,AGUARDAR,0.0,0.0,1.0,False,,False,0.0,1.0,fundamentos aprovados | queda 3.4% | Falling Score 1 | 1 confirmações | condições insuficientes para entrada,2026-08-17 04:03:04.599735+00:00
JNJ,2026-08-14 00:00:00,260.3500061035156,267.239990234375,0.0257820101131448,False,251.3097998046875,0.0359723588409763,0.0042818080194226,0.0156036664901999,0.0288887646670017,0.663396647644279,0.466669858062663,False,1.0,1,BAIXO,True,False,False,1,0.065998399528282,-0.0087336244541484,NAO_APROVADO,False,AGUARDAR,0.0,0.0,1.0,False,,False,0.0,1.0,fundamentos não aprovados | queda 2.6% | Falling Score 1 | 1 confirmações | condições insuficientes para entrada,2026-08-17 04:03:04.599735+00:00
JPM,2026-08-14 00:00:00,362.8399963378906,365.1799926757813,0.0064077889939828,False,338.791650390625,0.0709826996017699,0.0148803073609831,0.0314107493805007,0.0637349453103717,0.7421836310211628,0.3123572697284953,False,1.0,1,BAIXO,True,False,False,1,0.4668939777910887,0.4694656488549618,CRESCIMENTO_FORTE,True,AGUARDAR,0.0,0.0,1.0,False,,False,0.0,1.0,fundamentos aprovados | queda 0.6% | Falling Score 1 | 1 confirmações | condições insuficientes para entrada,2026-08-17 04:03:04.599735+00:00
AVGO,2026-08-14 00:00:00,392.989990234375,480.8090515136719,0.1826485192049254,False,390.3288507080078,0.0068176859628497,-0.0812839413163023,0.0095303932046648,0.0597578525591833,1.6543432207557742,0.1870829264322916,False,2.0,2,MODERADO,True,True,True,3,0.4787390029325513,0.8543689320388348,CRESCIMENTO_FORTE,True,AGUARDAR,0.0,0.0,1.0,False,,False,0.0,1.0,fundamentos aprovados | queda 18.3% | Falling Score 2 | 3 confirmações | condições insuficientes para entrada,2026-08-17 04:03:04.599735+00:00
ORCL,2026-08-14 00:00:00,150.52000427246094,324.6299743652344,0.5363336224056932,False,152.0817073059082,-0.0102688420659687,0.0238062841673825,0.1590052354790652,0.190728580902481,0.6600583534624712,0.2266142359142612,False,2.0,2,MODERADO,True,True,False,2,0.21656050955414,0.2450980392156863,CRESCIMENTO_FORTE,True,AGUARDAR,0.0,0.0,1.0,False,,False,0.0,1.0,fundamentos aprovados | queda 53.6% | Falling Score 2 | 2 confirmações | condições insuficientes para entrada,2026-08-17 04:03:04.599735+00:00
INTC,2026-08-14 00:00:00,102.5,140.94000244140625,0.2727401857211342,True,109.4013995361328,-0.0630832838098514,0.0083620114251026,0.1363636748104957,0.0784932556040607,0.7868424848577936,0.0933603686169109,False,2.0,2,MODERADO,True,True,False,2,0.2542188350571583,,NAO_APROVADO,False,AGUARDAR,0.0,0.0,1.0,False,,False,0.0,1.0,fundamentos não aprovados | queda 27.3% | Falling Score 2 | 2 confirmações | condições insuficientes para entrada,2026-08-17 04:03:04.599735+00:00
SHOP,2026-08-14 00:00:00,154.32000732421875,179.00999450683594,0.1379251882032449,False,122.9170001220703,0.2554813994074192,0.0181434312008546,0.3172855767323983,0.248947963527097,0.466798877722919,0.1772172156704763,False,2.0,2,MODERADO,True,True,False,2,0.3369402985074627,0.681159420289855,CRESCIMENTO_FORTE,True,AGUARDAR,0.0,0.0,1.0,False,,False,0.0,1.0,fundamentos aprovados | queda 13.8% | Falling Score 2 | 2 confirmações | condições insuficientes para entrada,2026-08-17 04:03:04.599735+00:00
MSFT,2026-08-14 00:00:00,495.3999938964844,538.6585083007812,0.0803078643290301,False,412.77559753417967,0.2001678317610891,-0.0091801764586106,0.0660182316129982,0.2579350583593847,0.4198913322724547,0.2430182855023878,False,2.0,2,MODERADO,True,True,False,2,0.1829703422487369,0.2341040462427743,CRESCIMENTO_FORTE,True,AGUARDAR,0.0,0.0,1.0,False,,False,0.0,1.0,fundamentos aprovados | queda 8.0% | Falling Score 2 | 2 confirmações | condições insuficientes para entrada,2026-08-17 04:03:04.599735+00:00
ADBE,2026-08-14 00:00:00,264.0199890136719,688.3699951171875,0.6164562794914887,False,230.5265991210937,0.1452907821495441,-0.0044870196438576,0.054350805289421,0.1128345163906086,0.5360356747864977,0.2003392582108812,False,1.0,2,MODERADO,True,False,False,1,0.126851694193768,0.0786802030456852,NAO_APROVADO,False,AGUARDAR,0.0,0.0,1.0,False,,False,0.0,1.0,fundamentos não aprovados | queda 61.6% | Falling Score 2 | 1 confirmações | condições insuficientes para entrada,2026-08-17 04:03:04.599735+00:00
CRM,2026-08-14 00:00:00,196.2100067138672,363.2192077636719,0.4598027788179887,False,172.45709655761718,0.1377322860605754,0.0180035338892121,0.0662428114247712,0.1489723124959177,0.68696252340304,0.0980176988770993,False,1.0,2,MODERADO,True,False,False,1,0.1326686336351612,0.5220125786163521,CRESCIMENTO_FORTE,True,AGUARDAR,0.0,0.0,1.0,False,,False,0.0,1.0,fundamentos aprovados | queda 46.0% | Falling Score 2 | 1 confirmações | condições insuficientes para entrada,2026-08-17 04:03:04.599735+00:00
SOFI,2026-08-14 00:00:00,18.290000915527344,32.209999084472656,0.4321638796834263,False,17.489199962615967,0.0457883124798805,-0.0048965315205979,0.1213980082414771,0.0584490849969927,0.464999088504669,0.0333341810459926,False,0.0,2,MODERADO,True,False,False,1,0.0111067219698466,0.5,NAO_APROVADO,False,AGUARDAR,0.0,0.0,1.0,False,,False,0.0,1.0,fundamentos não aprovados | queda 43.2% | Falling Score 2 | 1 confirmações | condições insuficientes para entrada,2026-08-17 04:03:04.599735+00:00
HOOD,2026-08-14 00:00:00,95.55999755859376,152.4600067138672,0.3732126895551161,False,99.09340042114258,-0.0356572975347704,0.0243326896858093,0.103974124928871,-0.0440176227108667,0.7543174014947392,0.0402803850813009,False,1.0,2,MODERADO,True,False,False,1,0.3225480283114257,0.4761904761904763,CRESCIMENTO_FORTE,True,AGUARDAR,0.0,0.0,1.0,False,,False,0.0,1.0,fundamentos aprovados | queda 37.3% | Falling Score 2 | 1 confirmações | condições insuficientes para entrada,2026-08-17 04:03:04.599735+00:00
META,2026-08-14 00:00:00,589.8499755859375,787.419189453125,0.2509072886633642,True,597.0579211425782,-0.0120724393754745,-0.0038000339347648,0.0595282145197468,-0.0869336903929128,0.5306644123132911,0.0445502969210525,False,1.0,2,MODERADO,True,False,False,1,0.2795900328310463,-0.134453781512605,NAO_APROVADO,False,AGUARDAR,0.0,0.0,1.0,False,,False,0.0,1.0,fundamentos não aprovados | queda 25.1% | Falling Score 2 | 1 confirmações | condições insuficientes para entrada,2026-08-17 04:03:04.599735+00:00
GOOGL,2026-08-14 00:00:00,345.8999938964844,402.3796691894531,0.1403641376979618,False,353.8855554199219,-0.0225653785556797,-0.0237087050124111,-0.0287254958752897,-0.0025088535477423,0.5564198919962515,0.2352926091193517,False,1.0,2,MODERADO,True,False,False,1,0.2423362508814868,2.9437229437229435,CRESCIMENTO_FORTE,True,AGUARDAR,0.0,0.0,1.0,False,,False,0.0,1.0,fundamentos aprovados | queda 14.0% | Falling Score 2 | 1 confirmações | condições insuficientes para entrada,2026-08-17 04:03:04.599735+00:00
AMZN,2026-08-14 00:00:00,262.6499938964844,284.0199890136719,0.0752411659172299,False,248.1665994262696,0.0583615784867852,-0.0430997399312731,-0.0328816301543083,0.0623710651434827,0.5572669486596077,0.067841163814445,False,0.0,2,MODERADO,True,False,False,1,0.1962051734624512,2.422619047619048,CRESCIMENTO_FORTE,True,AGUARDAR,0.0,0.0,1.0,False,,False,0.0,1.0,fundamentos aprovados | queda 7.5% | Falling Score 2 | 1 confirmações | condições insuficientes para entrada,2026-08-17 04:03:04.599735+00:00
NVDA,2026-08-14 00:00:00,225.1600036621093,235.465576171875,0.0437667903619304,False,206.51959930419923,0.0902597352537626,0.005358085873677,0.1215940406580791,0.1102016980058318,0.6099679888792974,0.2207366052063505,False,1.0,2,MODERADO,True,False,False,1,0.8522763378875222,2.144736842105264,CRESCIMENTO_FORTE,True,AGUARDAR,0.0,0.0,1.0,False,,False,0.0,1.0,fundamentos aprovados | queda 4.4% | Falling Score 2 | 1 confirmações | condições insuficientes para entrada,2026-08-17 04:03:04.599735+00:00
SBUX,2026-08-14 00:00:00,107.69000244140624,111.53937530517578,0.0345113360482565,False,102.88495162963868,0.0467031449756094,0.0258441033752507,0.0290605483863488,0.0267193809981822,0.4446082152965505,0.1629640513826173,False,1.0,2,MODERADO,True,False,False,1,-0.0140968697123519,0.8571428571428572,NAO_APROVADO,False,AGUARDAR,0.0,0.0,1.0,False,,False,0.0,1.0,fundamentos não aprovados | queda 3.5% | Falling Score 2 | 1 confirmações | condições insuficientes para entrada,2026-08-17 04:03:04.599735+00:00
UBER,2026-08-17 00:00:00,74.98999786376953,100.0999984741211,0.2508491607703996,True,72.30959991455079,0.0370683554104325,-0.0389593869420119,0.0472000729592141,0.0390744044114117,0.8681349616237619,0.1184658245076772,False,2.0,2,MODERADO,True,True,False,2,0.1217295075488102,0.857142857142857,CRESCIMENTO_FORTE,True,ENTRADA_PARCIAL,0.6,0.4,0.4,True,CROSS_SMA50,False,0.6,0.4,fundamentos aprovados | queda 25.1% | Falling Score 2 | 2 confirmações | entrada escalonada por risco,2026-08-17 23:46:05.668763+00:00
GE,2026-08-17 00:00:00,369.4299926757813,381.2200012207031,0.0309270460814468,False,357.0965338134766,0.0345381645982227,0.0074447242374475,0.0013552706744539,0.082420175472951,1.6230660439168174,0.4767663110146713,False,2.0,0,BAIXO,True,True,True,3,0.2110133357525174,0.1957671957671958,CRESCIMENTO_FORTE,True,AGUARDAR,0.0,0.0,1.0,False,,False,0.0,1.0,fundamentos aprovados | queda 3.1% | Falling Score 0 | 3 confirmações | condições insuficientes para entrada,2026-08-17 23:46:05.668763+00:00
MELI,2026-08-17 00:00:00,1787.5699462890625,2613.6298828125,0.3160584985485868,False,1767.4203930664062,0.0114005435841428,-0.0201552453052337,-0.0585741922410498,-0.024475882483628,1.2120639898198011,0.3252939068880808,False,1.0,0,BAIXO,True,False,False,1,0.468873620653758,-0.1086323957322988,NAO_APROVADO,False,AGUARDAR,0.0,0.0,1.0,False,,False,0.0,1.0,fundamentos não aprovados | queda 31.6% | Falling Score 0 | 1 confirmações | condições insuficientes para entrada,2026-08-17 23:46:05.668763+00:00
PFE,2026-08-17 00:00:00,26.8700008392334,47.42330551147461,0.4334009291542974,False,24.911067543029784,0.0786370673524881,-0.006654284765396,0.07351178993653,0.1046489508217185,0.606339205635547,0.6808527043698461,False,2.0,1,BAIXO,True,True,False,2,0.0260015013990309,,NAO_APROVADO,False,AGUARDAR,0.0,0.0,1.0,False,,False,0.0,1.0,fundamentos não aprovados | queda 43.3% | Falling Score 1 | 2 confirmações | condições insuficientes para entrada,2026-08-17 23:46:05.668763+00:00
HOOD,2026-08-17 00:00:00,96.25,152.4600067138672,0.3686868964879465,False,99.25180038452147,-0.0302442915180571,0.0183030408207329,0.0654195694231014,-0.0305197302231305,0.5718715962437371,0.7839990234375,False,2.0,1,BAIXO,True,True,False,2,0.3225480283114257,0.4761904761904763,CRESCIMENTO_FORTE,True,AGUARDAR,0.0,0.0,1.0,False,,False,0.0,1.0,fundamentos aprovados | queda 36.9% | Falling Score 1 | 2 confirmações | condições insuficientes para entrada,2026-08-17 23:46:05.668763+00:00
INTC,2026-08-17 00:00:00,103.48999786376952,140.94000244140625,0.2657159353548757,True,109.23559951782228,-0.0525982525789617,0.0612182262736735,0.137252723777687,0.0662476866568442,0.7246497144473902,0.4052747132114825,False,2.0,1,BAIXO,True,True,False,2,0.2542188350571583,,NAO_APROVADO,False,AGUARDAR,0.0,0.0,1.0,False,,False,0.0,1.0,fundamentos não aprovados | queda 26.6% | Falling Score 1 | 2 confirmações | condições insuficientes para entrada,2026-08-17 23:46:05.668763+00:00
V,2026-08-17 00:00:00,358.8399963378906,369.7830505371094,0.0295931741147247,False,348.6633489990234,0.0291876027924453,-0.0050187937159094,-0.0168550214146154,-0.0029491448878931,1.6489948609148397,0.0634945624530723,False,1.0,1,BAIXO,True,False,True,2,,,SEM_DADOS,False,AGUARDAR,0.0,0.0,1.0,False,,False,0.0,1.0,fundamentos não aprovados | queda 3.0% | Falling Score 1 | 2 confirmações | condições insuficientes para entrada,2026-08-17 23:46:05.668763+00:00
PYPL,2026-08-17 00:00:00,60.470001220703125,305.88092041015625,0.8023086855511654,False,50.40700012207032,0.1996349926451346,0.023700720045908,0.0449283279213235,0.0642379715854062,0.6858093670674217,0.3333333333333333,False,1.0,1,BAIXO,True,False,False,1,0.0721345141830316,-0.0620155038759689,NAO_APROVADO,False,AGUARDAR,0.0,0.0,1.0,False,,False,0.0,1.0,fundamentos não aprovados | queda 80.2% | Falling Score 1 | 1 confirmações | condições insuficientes para entrada,2026-08-17 23:46:05.668763+00:00
CRM,2026-08-17 00:00:00,190.97000122070312,363.2192687988281,0.4742294321216934,False,172.5112145996094,0.1070005023379827,-0.0331122144095167,0.0269965278561323,0.0988549893450116,1.1441267532898751,0.2107351522542363,False,1.0,1,BAIXO,True,False,False,1,0.1326686336351612,0.5220125786163521,CRESCIMENTO_FORTE,True,AGUARDAR,0.0,0.0,1.0,False,,False,0.0,1.0,fundamentos aprovados | queda 47.4% | Falling Score 1 | 1 confirmações | condições insuficientes para entrada,2026-08-17 23:46:05.668763+00:00
UNH,2026-08-17 00:00:00,395.6199951171875,599.775634765625,0.3403866843110684,False,414.8951977539063,-0.0464580037104979,-0.0320986334360491,-0.0475250166856274,-0.0615110744316187,0.8904470224986946,0.5608872219770882,False,0.0,1,BAIXO,True,False,False,1,0.0037270642201834,0.6149732620320856,NAO_APROVADO,False,AGUARDAR,0.0,0.0,1.0,False,,False,0.0,1.0,fundamentos não aprovados | queda 34.0% | Falling Score 1 | 1 confirmações | condições insuficientes para entrada,2026-08-17 23:46:05.668763+00:00
META,2026-08-17 00:00:00,568.969970703125,787.419189453125,0.2774243016629001,True,595.8975427246094,-0.0451882582001664,-0.0436193319311484,-0.0360362223555947,-0.1190369401393323,1.0826207314000675,0.1655540337333703,False,0.0,1,BAIXO,True,False,False,1,0.2795900328310463,-0.134453781512605,NAO_APROVADO,False,AGUARDAR,0.0,0.0,1.0,False,,False,0.0,1.0,fundamentos não aprovados | queda 27.7% | Falling Score 1 | 1 confirmações | condições insuficientes para entrada,2026-08-17 23:46:05.668763+00:00
CAT,2026-08-17 00:00:00,881.6500244140625,1062.92822265625,0.1705460391193438,False,910.3349536132812,-0.0315103018788449,0.0526158771998157,0.0621905151563193,0.0200740910171686,0.5413565812522915,0.7787489185241442,False,1.0,1,BAIXO,True,False,False,1,0.2398454945983463,0.6818181818181817,CRESCIMENTO_FORTE,True,AGUARDAR,0.0,0.0,1.0,False,,False,0.0,1.0,fundamentos aprovados | queda 17.1% | Falling Score 1 | 1 confirmações | condições insuficientes para entrada,2026-08-17 23:46:05.668763+00:00
MU,2026-08-17 00:00:00,1011.75,1213.3734130859375,0.1661676536765005,False,960.9716931152344,0.052840585470478,0.1750871080139373,0.2197106690777577,0.1690314680207905,0.7878335800623718,0.4034742403832655,False,1.0,1,BAIXO,True,False,False,1,3.457155144608107,13.68452380952381,CRESCIMENTO_FORTE,True,AGUARDAR,0.0,0.0,1.0,False,,False,0.0,1.0,fundamentos aprovados | queda 16.6% | Falling Score 1 | 1 confirmações | condições insuficientes para entrada,2026-08-17 23:46:05.668763+00:00
WMT,2026-08-17 00:00:00,114.33000183105467,134.1999969482422,0.148062560126964,False,114.41979949951173,-0.0007848088254814,0.01482334559436,0.0326980650033239,0.0189840012544302,0.7498626964233058,0.3293652475613227,False,1.0,1,BAIXO,True,False,False,1,0.0713680243442838,0.1964285714285714,NAO_APROVADO,False,AGUARDAR,0.0,0.0,1.0,False,,False,0.0,1.0,fundamentos não aprovados | queda 14.8% | Falling Score 1 | 1 confirmações | condições insuficientes para entrada,2026-08-17 23:46:05.668763+00:00
GOOGL,2026-08-17 00:00:00,344.0,402.3796691894531,0.1450860310786877,False,353.3261987304688,-0.0263954350511753,-0.0378160366668473,-0.0790072795750301,-0.0226994813944987,0.5820171906952966,0.3890985854089464,False,0.0,1,BAIXO,True,False,False,1,0.2423362508814868,2.9437229437229435,CRESCIMENTO_FORTE,True,AGUARDAR,0.0,0.0,1.0,False,,False,0.0,1.0,fundamentos aprovados | queda 14.5% | Falling Score 1 | 1 confirmações | condições insuficientes para entrada,2026-08-17 23:46:05.668763+00:00
COST,2026-08-17 00:00:00,953.5,1092.5828857421875,0.1272973314493288,False,949.2078845214844,0.0045217865849052,0.0007871949619522,-0.0006079333802765,0.0205342907009096,0.6103534286306195,0.5517241379310345,False,0.0,1,BAIXO,True,False,False,1,0.1158452654062178,0.1518691588785046,CRESCIMENTO_FORTE,True,AGUARDAR,0.0,0.0,1.0,False,,False,0.0,1.0,fundamentos aprovados | queda 12.7% | Falling Score 1 | 1 confirmações | condições insuficientes para entrada,2026-08-17 23:46:05.668763+00:00
AAPL,2026-08-17 00:00:00,305.5899963378906,339.78692626953125,0.1006422769324396,False,308.84324462890623,-0.0105336553335482,-0.008661562781901,0.0080203142773733,-0.0634937884844104,0.6223275380286284,0.5615327929255711,False,0.0,1,BAIXO,True,False,False,1,0.1635650176528138,0.286624203821656,CRESCIMENTO_FORTE,True,AGUARDAR,0.0,0.0,1.0,False,,False,0.0,1.0,fundamentos aprovados | queda 10.1% | Falling Score 1 | 1 confirmações | condições insuficientes para entrada,2026-08-17 23:46:05.668763+00:00
XOM,2026-08-17 00:00:00,161.4600067138672,170.31399536132812,0.0519862658889355,False,147.75720001220702,0.0927386733135717,0.0104513016953691,0.0412744051079647,0.0882987735887188,0.9134385116689756,0.6929310598724636,False,1.0,1,BAIXO,True,False,False,1,,,SEM_DADOS,False,AGUARDAR,0.0,0.0,1.0,False,,False,0.0,1.0,fundamentos não aprovados | queda 5.2% | Falling Score 1 | 1 confirmações | condições insuficientes para entrada,2026-08-17 23:46:05.668763+00:00
LLY,2026-08-17 00:00:00,1183.1600341796875,1233.7921142578125,0.0410377724845345,False,1169.0900537109376,0.0120349843231399,-0.038219772523468,0.0566236739940844,0.033093934199897,0.471992195195167,0.5613941523403188,False,1.0,1,BAIXO,True,False,False,1,0.4766964268497271,0.2623211446740858,CRESCIMENTO_FORTE,True,AGUARDAR,0.0,0.0,1.0,False,,False,0.0,1.0,fundamentos aprovados | queda 4.1% | Falling Score 1 | 1 confirmações | condições insuficientes para entrada,2026-08-17 23:46:05.668763+00:00
SBUX,2026-08-17 00:00:00,107.91999816894533,111.53936767578124,0.0324492560990358,False,103.17130554199218,0.046027261184752,0.0371709460242228,0.050013933091173,0.0355876859764241,0.7492261879906464,0.7864562223334843,False,1.0,1,BAIXO,True,False,False,1,-0.0140968697123519,0.8571428571428572,NAO_APROVADO,False,AGUARDAR,0.0,0.0,1.0,False,,False,0.0,1.0,fundamentos não aprovados | queda 3.2% | Falling Score 1 | 1 confirmações | condições insuficientes para entrada,2026-08-17 23:46:05.668763+00:00
CVX,2026-08-17 00:00:00,202.6999969482422,209.23358154296875,0.0312262713592407,False,184.2801998901367,0.0999553781094599,0.0399671291353385,0.0492804878010249,0.0684728784705981,0.8964353823004727,0.7441255448163759,False,1.0,1,BAIXO,True,False,False,1,0.5143436619718309,3.2137931034482765,CRESCIMENTO_FORTE,True,AGUARDAR,0.0,0.0,1.0,False,,False,0.0,1.0,fundamentos aprovados | queda 3.1% | Falling Score 1 | 1 confirmações | condições insuficientes para entrada,2026-08-17 23:46:05.668763+00:00
JNJ,2026-08-17 00:00:00,262.3699951171875,267.239990234375,0.0182233022569578,False,251.99379974365235,0.0411763915782477,0.0021389464260943,0.0312880442612235,0.0544569865529855,0.7576369040460441,0.6912174445717899,False,1.0,1,BAIXO,True,False,False,1,0.065998399528282,-0.0087336244541484,NAO_APROVADO,False,AGUARDAR,0.0,0.0,1.0,False,,False,0.0,1.0,fundamentos não aprovados | queda 1.8% | Falling Score 1 | 1 confirmações | condições insuficientes para entrada,2026-08-17 23:46:05.668763+00:00
ORCL,2026-08-17 00:00:00,146.64999389648438,324.62994384765625,0.5482548770506983,False,150.30429458618164,-0.0243126831456034,-0.0291294873642985,0.0338384743492075,0.2081891350706455,0.6396410641442892,0.2346929242727153,False,2.0,2,MODERADO,True,True,False,2,0.21656050955414,0.2450980392156863,CRESCIMENTO_FORTE,True,AGUARDAR,0.0,0.0,1.0,False,,False,0.0,1.0,fundamentos aprovados | queda 54.8% | Falling Score 2 | 2 confirmações | condições insuficientes para entrada,2026-08-17 23:46:05.668763+00:00
DIS,2026-08-17 00:00:00,103.5,195.76451110839844,0.4713035605177175,False,99.02857345581054,0.045152892626336,0.0031013732688287,0.0546158614600207,0.0735400484242188,0.5114889333493033,0.0094708191825035,False,2.0,2,MODERADO,True,True,False,2,0.067568710359408,-0.482876712328767,NAO_APROVADO,False,AGUARDAR,0.0,0.0,1.0,False,,False,0.0,1.0,fundamentos não aprovados | queda 47.1% | Falling Score 2 | 2 confirmações | condições insuficientes para entrada,2026-08-17 23:46:05.668763+00:00
SHOP,2026-08-17 00:00:00,148.64999389648438,179.00999450683594,0.1695994723310948,False,123.56919998168944,0.202969622838955,-0.042080159089452,0.2704041635980538,0.1941676565532042,0.6409925438366126,0.0954217640783651,False,2.0,2,MODERADO,True,True,False,2,0.3369402985074627,0.681159420289855,CRESCIMENTO_FORTE,True,AGUARDAR,0.0,0.0,1.0,False,,False,0.0,1.0,fundamentos aprovados | queda 17.0% | Falling Score 2 | 2 confirmações | condições insuficientes para entrada,2026-08-17 23:46:05.668763+00:00
ADBE,2026-08-17 00:00:00,254.0399932861328,688.3699951171875,0.6309542904424745,False,230.43899871826173,0.1024175365243884,-0.0693141806903193,0.0107424086400178,0.0822185709351992,0.73972438632589,0.2717626203923813,False,1.0,2,MODERADO,True,False,False,1,0.126851694193768,0.0786802030456852,NAO_APROVADO,False,AGUARDAR,0.0,0.0,1.0,False,,False,0.0,1.0,fundamentos não aprovados | queda 63.1% | Falling Score 2 | 1 confirmações | condições insuficientes para entrada,2026-08-17 23:46:05.668763+00:00
BA,2026-08-17 00:00:00,225.9499969482422,430.2999572753906,0.4749011866537674,False,221.4765994262696,0.0201980594498962,-0.02938269055871,-0.032292639374419,0.07862326502109,0.818867522121208,0.0,False,1.0,2,MODERADO,True,False,False,1,0.0796078948525209,,NAO_APROVADO,False,AGUARDAR,0.0,0.0,1.0,False,,False,0.0,1.0,fundamentos não aprovados | queda 47.5% | Falling Score 2 | 1 confirmações | condições insuficientes para entrada,2026-08-17 23:46:05.668763+00:00
NFLX,2026-08-17 00:00:00,76.0199966430664,133.91299438476562,0.4323179987698439,False,74.73059936523437,0.0172539400029472,-0.0035391829757598,0.0366834139484846,0.1245561887426476,0.7963746560246796,0.1810766274369237,False,1.0,2,MODERADO,True,False,False,1,0.1336537425289954,-0.8887343532684284,NAO_APROVADO,False,AGUARDAR,0.0,0.0,1.0,False,,False,0.0,1.0,fundamentos não aprovados | queda 43.2% | Falling Score 2 | 1 confirmações | condições insuficientes para entrada,2026-08-17 23:46:05.668763+00:00
SOFI,2026-08-17 00:00:00,18.309999465942383,32.209999084472656,0.4315429994914526,False,17.51239995956421,0.0455448429809628,0.010485574939798,0.0155296044721875,0.0764255861004183,0.9664139601001888,0.1772146397641645,False,0.0,2,MODERADO,True,False,False,1,0.0111067219698466,0.5,NAO_APROVADO,False,AGUARDAR,0.0,0.0,1.0,False,,False,0.0,1.0,fundamentos não aprovados | queda 43.2% | Falling Score 2 | 1 confirmações | condições insuficientes para entrada,2026-08-17 23:46:05.668763+00:00
F,2026-08-17 00:00:00,14.050000190734863,18.56574440002441,0.2432299029864707,True,14.067829246520995,-0.0012673636759232,0.0144404190437945,-0.0157889374824427,0.0151655783562805,0.5238941564000495,0.1923082566115247,False,1.0,2,MODERADO,True,False,False,1,0.0637989129098108,4.25,NAO_APROVADO,False,AGUARDAR,0.0,0.0,1.0,False,,False,0.0,1.0,fundamentos não aprovados | queda 24.3% | Falling Score 2 | 1 confirmações | condições insuficientes para entrada,2026-08-17 23:46:05.668763+00:00
MCD,2026-08-17 00:00:00,265.5299987792969,336.8805847167969,0.2117978570877922,True,273.48239990234373,-0.0290782921529375,-0.0299210960283555,0.0011310476965,-0.0078837832672825,0.8232945592148104,0.0720861491250832,False,1.0,2,MODERADO,True,False,False,1,0.037410492474061,0.0573248407643312,NAO_APROVADO,False,AGUARDAR,0.0,0.0,1.0,False,,False,0.0,1.0,fundamentos não aprovados | queda 21.2% | Falling Score 2 | 1 confirmações | condições insuficientes para entrada,2026-08-17 23:46:05.668763+00:00
AVGO,2026-08-17 00:00:00,392.4299926757813,480.8090515136719,0.1838132176581487,False,389.8124896240234,0.0067147747222835,-0.0709517084606012,0.0005098582052665,0.0377353206988602,1.1040041548510786,0.13698708228346,False,0.0,2,MODERADO,True,False,False,1,0.4787390029325513,0.8543689320388348,CRESCIMENTO_FORTE,True,AGUARDAR,0.0,0.0,1.0,False,,False,0.0,1.0,fundamentos aprovados | queda 18.4% | Falling Score 2 | 1 confirmações | condições insuficientes para entrada,2026-08-17 23:46:05.668763+00:00
AMD,2026-08-17 00:00:00,506.0,580.9099731445312,0.1289528095705349,False,510.0562005615234,-0.0079524580959077,0.077604571579501,0.0440739202417226,0.0048255309896101,0.7007760052100951,0.1158068175034326,False,1.0,2,MODERADO,True,False,False,1,0.5011060507482108,1.5555555555555554,CRESCIMENTO_FORTE,True,AGUARDAR,0.0,0.0,1.0,False,,False,0.0,1.0,fundamentos aprovados | queda 12.9% | Falling Score 2 | 1 confirmações | condições insuficientes para entrada,2026-08-17 23:46:05.668763+00:00
AMZN,2026-08-17 00:00:00,261.3099975585937,284.0199890136719,0.0799591308130954,False,248.3169995117188,0.0523242390670954,-0.060340174045342,-0.0799591308130954,0.0452817785378993,0.8653375913226753,0.4008911070481461,False,0.0,2,MODERADO,True,False,False,1,0.1962051734624512,2.422619047619048,CRESCIMENTO_FORTE,True,AGUARDAR,0.0,0.0,1.0,False,,False,0.0,1.0,fundamentos aprovados | queda 8.0% | Falling Score 2 | 1 confirmações | condições insuficientes para entrada,2026-08-17 23:46:05.668763+00:00
GM,2026-08-17 00:00:00,84.37000274658203,90.3000030517578,0.0656699900860119,False,81.86819992065429,0.0305589084449451,-0.0408139651575366,-0.0377508844328592,0.1130606774378681,0.677398379807038,0.0116557412617508,False,1.0,2,MODERADO,True,False,False,1,0.0208309034500455,-0.2617801047120419,NAO_APROVADO,False,AGUARDAR,0.0,0.0,1.0,False,,False,0.0,1.0,fundamentos não aprovados | queda 6.6% | Falling Score 2 | 1 confirmações | condições insuficientes para entrada,2026-08-17 23:46:05.668763+00:00
MA,2026-08-17 00:00:00,562.260009765625,595.2506713867188,0.0554231405472209,False,530.48580078125,0.0598964363185234,-0.0016158054799529,-0.0152546742988498,0.0270714731443195,0.7266823243161042,0.1273009829441703,False,1.0,2,MODERADO,True,False,False,1,0.140661502520595,0.221130221130221,CRESCIMENTO_FORTE,True,AGUARDAR,0.0,0.0,1.0,False,,False,0.0,1.0,fundamentos aprovados | queda 5.5% | Falling Score 2 | 1 confirmações | condições insuficientes para entrada,2026-08-17 23:46:05.668763+00:00
NVDA,2026-08-17 00:00:00,225.009994506836,235.465576171875,0.044403865036336,False,206.6465991210937,0.088863767726375,0.034290927834661,0.0888985441901222,0.1068968706121036,0.6767413923261233,0.0490176523386855,False,1.0,2,MODERADO,True,False,False,1,0.8522763378875222,2.144736842105264,CRESCIMENTO_FORTE,True,AGUARDAR,0.0,0.0,1.0,False,,False,0.0,1.0,fundamentos aprovados | queda 4.4% | Falling Score 2 | 1 confirmações | condições insuficientes para entrada,2026-08-17 23:46:05.668763+00:00
JPM,2026-08-17 00:00:00,360.9599914550781,365.1799926757813,0.0115559485879331,False,339.82093505859376,0.0622064570354956,0.0032518493631548,0.0235933996739852,0.0651872300769842,0.4798166040409484,0.0,False,1.0,2,MODERADO,True,False,False,1,0.4668939777910887,0.4694656488549618,CRESCIMENTO_FORTE,True,AGUARDAR,0.0,0.0,1.0,False,,False,0.0,1.0,fundamentos aprovados | queda 1.2% | Falling Score 2 | 1 confirmações | condições insuficientes para entrada,2026-08-17 23:46:05.668763+00:00
NKE,2026-08-17 00:00:00,39.09000015258789,163.68594360351562,0.7611890227588954,False,42.74839988708496,-0.0855798051894413,-0.0717169416763505,-0.0832551427738145,-0.1007591659792548,2.793859766100947,0.1321838072479337,False,2.0,3,ALTO,True,True,True,3,0.0008873901854644,-0.3518518518518519,NAO_APROVADO,False,AGUARDAR,0.0,0.0,1.0,False,,False,0.0,1.0,fundamentos não aprovados | queda 76.1% | Falling Score 3 | 3 confirmações | condições insuficientes para entrada,2026-08-17 23:46:05.668763+00:00
NOW,2026-08-17 00:00:00,117.6999969482422,234.0780029296875,0.4971761742875216,False,107.61580032348633,0.0937055394695147,-0.0764281646780592,0.0307381945160829,0.1241642825111681,0.7067381253956312,0.0199130447419283,False,1.0,3,ALTO,True,False,False,1,0.2401244167962675,-0.8423913043478262,NAO_APROVADO,False,AGUARDAR,0.0,0.0,1.0,False,,False,0.0,1.0,fundamentos não aprovados | queda 49.7% | Falling Score 3 | 1 confirmações | condições insuficientes para entrada,2026-08-17 23:46:05.668763+00:00
QCOM,2026-08-17 00:00:00,162.17999267578125,250.0962829589844,0.3515297758248623,False,182.2629998779297,-0.1101869672703675,6.16298140765359e-05,0.0700005597338726,-0.0477924747439817,0.7311037489765998,0.149283398497836,False,2.0,3,ALTO,False,True,False,1,-0.0403280270139894,-0.2304526748971194,NAO_APROVADO,False,AGUARDAR,0.0,0.0,1.0,False,,False,0.0,1.0,fundamentos não aprovados | queda 35.2% | Falling Score 3 | 1 confirmações | condições insuficientes para entrada,2026-08-17 23:46:05.668763+00:00
MSFT,2026-08-17 00:00:00,480.3500061035156,538.6585083007812,0.1082476212641697,False,413.8215979003906,0.1607659158938794,-0.0508042358200844,-0.0149697280515466,0.1940391158133303,0.7483363140044658,0.1361405222039473,False,1.0,3,ALTO,True,False,False,1,0.1829703422487369,0.2341040462427743,CRESCIMENTO_FORTE,True,AGUARDAR,0.0,0.0,1.0,False,,False,0.0,1.0,fundamentos aprovados | queda 10.8% | Falling Score 3 | 1 confirmações | condições insuficientes para entrada,2026-08-17 23:46:05.668763+00:00
MU,2026-08-18 00:00:00,940.760009765625,1213.3734130859375,0.2246739547613646,True,962.5093505859376,-0.0225964982127937,0.0831759644105425,0.0538721227061902,-0.0309635126303642,0.8773289471211052,0.2713819667573455,False,2.0,1,BAIXO,True,True,False,2,3.457155144608107,13.68452380952381,CRESCIMENTO_FORTE,True,ENTRADA_FORTE,1.0,0.0,0.0,False,,False,1.0,0.0,fundamentos aprovados | queda 22.5% | Falling Score 1 | 2 confirmações | queda estabilizada,2026-08-18 23:45:56.689699+00:00
UBER,2026-08-18 00:00:00,74.66000366210938,100.0999984741211,0.2541458061918825,True,72.38860000610352,0.0313779193935832,-0.0494015432669914,0.0370885661559878,0.0434661142935501,0.6576511303655015,0.0113231665711793,False,2.0,2,MODERADO,True,True,False,2,0.1217295075488102,0.857142857142857,CRESCIMENTO_FORTE,True,ENTRADA_PARCIAL,0.6,0.4,0.4,True,CROSS_SMA50,False,0.6,0.4,fundamentos aprovados | queda 25.4% | Falling Score 2 | 2 confirmações | entrada escalonada por risco,2026-08-18 23:45:56.689699+00:00
AVGO,2026-08-18 00:00:00,380.0,480.8090515136719,0.2096654611561641,True,389.7100799560547,-0.0249161632081716,-0.0867140639700034,-0.0912569431029186,-0.0168175937904269,1.2406642782370876,0.3408524790915795,False,0.0,2,MODERADO,True,False,False,1,0.4787390029325513,0.8543689320388348,CRESCIMENTO_FORTE,True,ENTRADA_PARCIAL,0.6,0.4,0.4,True,CROSS_SMA50,False,0.6,0.4,fundamentos aprovados | queda 21.0% | Falling Score 2 | 1 confirmações | entrada escalonada por risco,2026-08-18 23:45:56.689699+00:00
CAT,2026-08-18 00:00:00,840.8699951171875,1062.92822265625,0.2089117805002304,True,909.1002416992188,-0.0750525007610828,-0.002964298012111,-0.0406940742057557,-0.0551703733859085,0.7488679543493866,0.2081493409823828,False,1.0,2,MODERADO,True,False,False,1,0.2398454945983463,0.6818181818181817,CRESCIMENTO_FORTE,True,ENTRADA_PARCIAL,0.6,0.4,0.4,True,CROSS_SMA50,False,0.6,0.4,fundamentos aprovados | queda 20.9% | Falling Score 2 | 1 confirmações | entrada escalonada por risco,2026-08-18 23:45:56.689699+00:00
NKE,2026-08-18 00:00:00,40.060001373291016,163.6859130859375,0.7552629874003945,False,42.68999992370605,-0.061606899862152,-0.0304936672516731,-0.0353960377850689,-0.0675046036541887,1.549535630954486,0.5901076741414915,False,2.0,0,BAIXO,True,True,True,3,0.0008873901854644,-0.3518518518518519,NAO_APROVADO,False,AGUARDAR,0.0,0.0,1.0,False,,False,0.0,1.0,fundamentos não aprovados | queda 75.5% | Falling Score 0 | 3 confirmações | condições insuficientes para entrada,2026-08-18 23:45:56.689699+00:00
MA,2026-08-18 00:00:00,574.3099975585938,595.250732421875,0.0351796876890523,False,532.1668377685547,0.0791916308929561,0.0229231886955376,0.005620770635409,0.0668958026792201,1.3105895571822672,0.7265012768771688,False,2.0,0,BAIXO,True,True,True,3,0.140661502520595,0.221130221130221,CRESCIMENTO_FORTE,True,AGUARDAR,0.0,0.0,1.0,False,,False,0.0,1.0,fundamentos aprovados | queda 3.5% | Falling Score 0 | 3 confirmações | condições insuficientes para entrada,2026-08-18 23:45:56.689699+00:00
XOM,2026-08-18 00:00:00,165.55999755859375,169.21827697753906,0.021618701503685,False,147.1594711303711,0.1250380032415401,0.042753595122936,0.0823071498183043,0.0983588402371129,1.3537269451831515,0.9544699529478636,False,4.0,0,BAIXO,True,True,True,3,,,SEM_DADOS,False,AGUARDAR,0.0,0.0,1.0,False,,False,0.0,1.0,fundamentos não aprovados | queda 2.2% | Falling Score 0 | 3 confirmações | condições insuficientes para entrada,2026-08-18 23:45:56.689699+00:00
GE,2026-08-18 00:00:00,375.0899963378906,381.2200012207031,0.016079966589328,False,358.0465008544922,0.0476013463131841,0.0191001435253168,-0.0058047138689887,0.1009391925409202,1.1758662562148463,0.95368706462639,False,2.0,0,BAIXO,True,True,False,2,0.2110133357525174,0.1957671957671958,CRESCIMENTO_FORTE,True,AGUARDAR,0.0,0.0,1.0,False,,False,0.0,1.0,fundamentos aprovados | queda 1.6% | Falling Score 0 | 2 confirmações | condições insuficientes para entrada,2026-08-18 23:45:56.689699+00:00
CRM,2026-08-18 00:00:00,196.13999938964844,363.2192077636719,0.4599955200682374,False,172.73037353515625,0.1355269798552689,-0.0067352095145236,0.026964729820214,0.1533576514492709,1.0908468824345128,0.4708737744220556,False,1.0,0,BAIXO,True,False,False,1,0.1326686336351612,0.5220125786163521,CRESCIMENTO_FORTE,True,AGUARDAR,0.0,0.0,1.0,False,,False,0.0,1.0,fundamentos aprovados | queda 46.0% | Falling Score 0 | 1 confirmações | condições insuficientes para entrada,2026-08-18 23:45:56.689699+00:00
COST,2026-08-18 00:00:00,961.3499755859376,1092.5828857421875,0.1201125442003459,False,949.0283386230468,0.0129834236359771,0.0180341072196215,0.0142427602972239,0.0362222851016236,1.026068107319951,0.3628780132018281,False,1.0,0,BAIXO,True,False,False,1,0.1158452654062178,0.1518691588785046,CRESCIMENTO_FORTE,True,AGUARDAR,0.0,0.0,1.0,False,,False,0.0,1.0,fundamentos aprovados | queda 12.0% | Falling Score 0 | 1 confirmações | condições insuficientes para entrada,2026-08-18 23:45:56.689699+00:00
PFE,2026-08-18 00:00:00,27.25,47.423316955566406,0.425388147658839,False,24.944221725463866,0.092437370863422,0.0236663839558595,0.0724124424886718,0.1117365046732026,0.7658208142088354,0.5172418329025341,False,2.0,1,BAIXO,True,True,False,2,0.0260015013990309,,NAO_APROVADO,False,AGUARDAR,0.0,0.0,1.0,False,,False,0.0,1.0,fundamentos não aprovados | queda 42.5% | Falling Score 1 | 2 confirmações | condições insuficientes para entrada,2026-08-18 23:45:56.689699+00:00
LLY,2026-08-18 00:00:00,1225.72998046875,1233.7921142578125,0.0065344345257971,False,1171.0086328125,0.0467300975611268,0.0102602814854031,0.1002136289273092,0.0443048341991689,0.6906344526042729,0.9200934130286968,False,2.0,1,BAIXO,True,True,False,2,0.4766964268497271,0.2623211446740858,CRESCIMENTO_FORTE,True,AGUARDAR,0.0,0.0,1.0,False,,False,0.0,1.0,fundamentos aprovados | queda 0.7% | Falling Score 1 | 2 confirmações | condições insuficientes para entrada,2026-08-18 23:45:56.689699+00:00
PYPL,2026-08-18 00:00:00,60.43000030517578,305.88092041015625,0.8024394583874499,False,50.78980010986328,0.1898058305892092,0.0242372933080641,0.0322856057412039,0.0820054065565802,0.8391417585874448,0.2874621447203259,False,1.0,1,BAIXO,True,False,False,1,0.0721345141830316,-0.0620155038759689,NAO_APROVADO,False,AGUARDAR,0.0,0.0,1.0,False,,False,0.0,1.0,fundamentos não aprovados | queda 80.2% | Falling Score 1 | 1 confirmações | condições insuficientes para entrada,2026-08-18 23:45:56.689699+00:00
ADBE,2026-08-18 00:00:00,263.1400146484375,688.3699951171875,0.6177346245261013,False,230.67299896240235,0.1407490943113241,-0.0021613773657025,0.0219426953603891,0.1583906075289858,0.8583453752957991,0.5380440912076321,False,1.0,1,BAIXO,True,False,False,1,0.126851694193768,0.0786802030456852,NAO_APROVADO,False,AGUARDAR,0.0,0.0,1.0,False,,False,0.0,1.0,fundamentos não aprovados | queda 61.8% | Falling Score 1 | 1 confirmações | condições insuficientes para entrada,2026-08-18 23:45:56.689699+00:00
NFLX,2026-08-18 00:00:00,77.7699966430664,133.91299438476562,0.4192498121607698,False,74.64239929199219,0.0419010827725327,0.0398448414368233,0.0570884459108902,0.1325178202529267,0.9290753131245814,0.5186418072342498,False,1.0,1,BAIXO,True,False,False,1,0.1336537425289954,-0.8887343532684284,NAO_APROVADO,False,AGUARDAR,0.0,0.0,1.0,False,,False,0.0,1.0,fundamentos não aprovados | queda 41.9% | Falling Score 1 | 1 confirmações | condições insuficientes para entrada,2026-08-18 23:45:56.689699+00:00
INTC,2026-08-18 00:00:00,96.68499755859376,140.94000244140625,0.3139988939705807,False,109.18589950561524,-0.1144919078711128,-0.0104902418942074,-0.0413940415079604,-0.0831199586847835,1.0161043503069314,0.3534478870698597,False,2.0,1,BAIXO,False,True,False,1,0.2542188350571583,,NAO_APROVADO,False,AGUARDAR,0.0,0.0,1.0,False,,False,0.0,1.0,fundamentos não aprovados | queda 31.4% | Falling Score 1 | 1 confirmações | condições insuficientes para entrada,2026-08-18 23:45:56.689699+00:00
F,2026-08-18 00:00:00,13.93000030517578,18.56574249267578,0.2496933364948269,True,14.051622123718262,-0.0086553578990137,-0.0035764834547733,-0.0111750552863139,-0.0132539252549844,0.4887367321525414,0.3684234302062942,False,1.0,1,BAIXO,True,False,False,1,0.0637989129098108,4.25,NAO_APROVADO,False,AGUARDAR,0.0,0.0,1.0,False,,False,0.0,1.0,fundamentos não aprovados | queda 25.0% | Falling Score 1 | 1 confirmações | condições insuficientes para entrada,2026-08-18 23:45:56.689699+00:00
AMD,2026-08-18 00:00:00,484.3900146484375,580.9099731445312,0.1661530408466226,False,510.4164007568359,-0.0509904973073102,0.0212304080973237,-0.0659300422589997,-0.1102804379535694,0.8299664394118268,0.5585970263057568,False,1.0,1,BAIXO,True,False,False,1,0.5011060507482108,1.5555555555555554,CRESCIMENTO_FORTE,True,AGUARDAR,0.0,0.0,1.0,False,,False,0.0,1.0,fundamentos aprovados | queda 16.6% | Falling Score 1 | 1 confirmações | condições insuficientes para entrada,2026-08-18 23:45:56.689699+00:00
WMT,2026-08-18 00:00:00,115.1999969482422,134.1999969482422,0.1415797349632419,False,114.3461994934082,0.0074667759717121,0.01712868422586,0.0327206974148699,0.0435727655148876,0.9026421176033668,0.3934403675462038,True,1.0,1,BAIXO,True,False,False,1,0.0713680243442838,0.1964285714285714,NAO_APROVADO,False,AGUARDAR,0.0,0.0,1.0,False,,False,0.0,1.0,fundamentos não aprovados | queda 14.2% | Falling Score 1 | 1 confirmações | condições insuficientes para entrada,2026-08-18 23:45:56.689699+00:00
MSFT,2026-08-18 00:00:00,481.6300048828125,538.6585693359375,0.1058714512300997,False,415.1207977294922,0.1602165141257512,-0.0440245187337745,-0.0226862132082699,0.2108862473483659,0.6267433017730634,0.6291884384738374,False,1.0,1,BAIXO,True,False,False,1,0.1829703422487369,0.2341040462427743,CRESCIMENTO_FORTE,True,AGUARDAR,0.0,0.0,1.0,False,,False,0.0,1.0,fundamentos aprovados | queda 10.6% | Falling Score 1 | 1 confirmações | condições insuficientes para entrada,2026-08-18 23:45:56.689699+00:00
AAPL,2026-08-18 00:00:00,310.0299987792969,339.78692626953125,0.0875752572852968,False,308.90234130859375,0.0036505306690977,0.0167918239995212,0.0029652401000372,-0.0532208836239636,0.8987386238598548,0.7460884425951086,True,1.0,1,BAIXO,True,False,False,1,0.1635650176528138,0.286624203821656,CRESCIMENTO_FORTE,True,AGUARDAR,0.0,0.0,1.0,False,,False,0.0,1.0,fundamentos aprovados | queda 8.8% | Falling Score 1 | 1 confirmações | condições insuficientes para entrada,2026-08-18 23:45:56.689699+00:00
AMZN,2026-08-18 00:00:00,259.45001220703125,284.0199890136719,0.0865079140801526,False,248.58539978027343,0.0437057543860626,-0.0470855302601744,-0.0647754320197384,0.0480711331390506,0.6486222680574631,0.3865187186679193,False,0.0,1,BAIXO,True,False,False,1,0.1962051734624512,2.422619047619048,CRESCIMENTO_FORTE,True,AGUARDAR,0.0,0.0,1.0,False,,False,0.0,1.0,fundamentos aprovados | queda 8.7% | Falling Score 1 | 1 confirmações | condições insuficientes para entrada,2026-08-18 23:45:56.689699+00:00
NVDA,2026-08-18 00:00:00,219.7400054931641,235.465576171875,0.0667850092330789,False,206.9393991088868,0.0618567872497877,0.0102988758306392,0.0368028827116495,0.0600608452422779,0.8488736890751428,0.3558902947475144,False,0.0,1,BAIXO,True,False,False,1,0.8522763378875222,2.144736842105264,CRESCIMENTO_FORTE,True,AGUARDAR,0.0,0.0,1.0,False,,False,0.0,1.0,fundamentos aprovados | queda 6.7% | Falling Score 1 | 1 confirmações | condições insuficientes para entrada,2026-08-18 23:45:56.689699+00:00
CVX,2026-08-18 00:00:00,205.7400054931641,209.23358154296875,0.0166970140454592,False,184.6488000488281,0.1142233550326816,0.0461710650969755,0.0805672903803749,0.0767781316093865,0.7733644395972624,0.808766223897383,False,1.0,1,BAIXO,True,False,False,1,0.5143436619718309,3.2137931034482765,CRESCIMENTO_FORTE,True,AGUARDAR,0.0,0.0,1.0,False,,False,0.0,1.0,fundamentos aprovados | queda 1.7% | Falling Score 1 | 1 confirmações | condições insuficientes para entrada,2026-08-18 23:45:56.689699+00:00
V,2026-08-18 00:00:00,364.25,369.7830505371094,0.0149629641733785,False,349.4889489746094,0.0422361023680408,0.0039413280605096,-0.0126175230396943,0.0255934709814236,0.7364791596788506,0.7892416878748787,False,0.0,1,BAIXO,True,False,False,1,,,SEM_DADOS,False,AGUARDAR,0.0,0.0,1.0,False,,False,0.0,1.0,fundamentos não aprovados | queda 1.5% | Falling Score 1 | 1 confirmações | condições insuficientes para entrada,2026-08-18 23:45:56.689699+00:00
JPM,2026-08-18 00:00:00,363.25,365.1799926757813,0.005285044949039,False,340.866552734375,0.0656663057318729,0.0033421484546451,0.0160271066301387,0.0521970525163453,0.6288857269554823,0.9250571755288736,False,1.0,1,BAIXO,True,False,False,1,0.4668939777910887,0.4694656488549618,CRESCIMENTO_FORTE,True,AGUARDAR,0.0,0.0,1.0,False,,False,0.0,1.0,fundamentos aprovados | queda 0.5% | Falling Score 1 | 1 confirmações | condições insuficientes para entrada,2026-08-18 23:45:56.689699+00:00
JNJ,2026-08-18 00:00:00,271.1099853515625,267.239990234375,-0.0144813473230314,False,252.7605993652344,0.0725959110415528,0.0435334799461444,0.0634683761841976,0.0818003459210883,0.7817325609302983,0.8851809571173452,False,1.0,1,BAIXO,True,False,False,1,0.065998399528282,-0.0087336244541484,NAO_APROVADO,False,AGUARDAR,0.0,0.0,1.0,False,,False,0.0,1.0,fundamentos não aprovados | queda -1.4% | Falling Score 1 | 1 confirmações | condições insuficientes para entrada,2026-08-18 23:45:56.689699+00:00
DIS,2026-08-18 00:00:00,103.9499969482422,195.7644958496093,0.4690048545467669,False,99.12853759765623,0.0486384593925446,0.0040567774934554,0.0587695724702725,0.0812356730619521,0.5285776407060977,0.2050455116510789,False,2.0,2,MODERADO,True,True,False,2,0.067568710359408,-0.482876712328767,NAO_APROVADO,False,AGUARDAR,0.0,0.0,1.0,False,,False,0.0,1.0,fundamentos não aprovados | queda 46.9% | Falling Score 2 | 2 confirmações | condições insuficientes para entrada,2026-08-18 23:45:56.689699+00:00
SHOP,2026-08-18 00:00:00,146.5800018310547,179.00999450683594,0.1811630281600998,False,124.31,0.1791489166684472,-0.0395124746424243,0.18880777131469,0.1914167543316332,0.5473748362311325,0.0709227789060555,False,2.0,2,MODERADO,True,True,False,2,0.3369402985074627,0.681159420289855,CRESCIMENTO_FORTE,True,AGUARDAR,0.0,0.0,1.0,False,,False,0.0,1.0,fundamentos aprovados | queda 18.1% | Falling Score 2 | 2 confirmações | condições insuficientes para entrada,2026-08-18 23:45:56.689699+00:00
ORCL,2026-08-18 00:00:00,142.7899932861328,324.6299743652344,0.5601453822453166,False,148.90131088256837,-0.0410427387120538,-0.0184905314847836,-0.0202416090012403,0.1238881531389088,0.5453649641726313,0.1205446351680141,False,1.0,2,MODERADO,True,False,False,1,0.21656050955414,0.2450980392156863,CRESCIMENTO_FORTE,True,AGUARDAR,0.0,0.0,1.0,False,,False,0.0,1.0,fundamentos aprovados | queda 56.0% | Falling Score 2 | 1 confirmações | condições insuficientes para entrada,2026-08-18 23:45:56.689699+00:00
NOW,2026-08-18 00:00:00,119.48999786376952,234.0780029296875,0.4895291468303324,False,107.75660034179688,0.1088879705257506,-0.0631174768227382,0.011427107508851,0.170781900079598,0.5769413065441431,0.4127066214271811,False,1.0,2,MODERADO,True,False,False,1,0.2401244167962675,-0.8423913043478262,NAO_APROVADO,False,AGUARDAR,0.0,0.0,1.0,False,,False,0.0,1.0,fundamentos não aprovados | queda 49.0% | Falling Score 2 | 1 confirmações | condições insuficientes para entrada,2026-08-18 23:45:56.689699+00:00
BA,2026-08-18 00:00:00,223.0599975585937,430.2999877929688,0.4816174671473262,False,221.62879943847656,0.0064576360280943,-0.0436460628314839,-0.0594535582973106,0.0891601280993203,0.5929236471374596,0.1375343759427424,False,0.0,2,MODERADO,True,False,False,1,0.0796078948525209,,NAO_APROVADO,False,AGUARDAR,0.0,0.0,1.0,False,,False,0.0,1.0,fundamentos não aprovados | queda 48.2% | Falling Score 2 | 1 confirmações | condições insuficientes para entrada,2026-08-18 23:45:56.689699+00:00
SOFI,2026-08-18 00:00:00,17.65999984741211,32.209999084472656,0.4517230565236062,False,17.54499994277954,0.0065545685384795,-0.0177975363165341,-0.0556150199516818,0.0011338128376245,0.445759688238789,0.0298514260987892,False,0.0,2,MODERADO,True,False,False,1,0.0111067219698466,0.5,NAO_APROVADO,False,AGUARDAR,0.0,0.0,1.0,False,,False,0.0,1.0,fundamentos não aprovados | queda 45.2% | Falling Score 2 | 1 confirmações | condições insuficientes para entrada,2026-08-18 23:45:56.689699+00:00
UNH,2026-08-18 00:00:00,393.9299926757813,599.7755737304688,0.3432043418747023,False,414.8297692871094,-0.0503815737410665,-0.0205375810325577,-0.0334192013866684,-0.0972155673985966,0.6491054674533766,0.0777992680441026,False,0.0,2,MODERADO,True,False,False,1,0.0037270642201834,0.6149732620320856,NAO_APROVADO,False,AGUARDAR,0.0,0.0,1.0,False,,False,0.0,1.0,fundamentos não aprovados | queda 34.3% | Falling Score 2 | 1 confirmações | condições insuficientes para entrada,2026-08-18 23:45:56.689699+00:00
MELI,2026-08-18 00:00:00,1779.1400146484375,2613.6298828125,0.3192838716957417,False,1770.8471923828124,0.0046829688644487,-0.0829175182224548,-0.0579083851477694,-0.0238718400037398,0.7388447118415378,0.3638196979218198,False,1.0,2,MODERADO,True,False,False,1,0.468873620653758,-0.1086323957322988,NAO_APROVADO,False,AGUARDAR,0.0,0.0,1.0,False,,False,0.0,1.0,fundamentos não aprovados | queda 31.9% | Falling Score 2 | 1 confirmações | condições insuficientes para entrada,2026-08-18 23:45:56.689699+00:00
MCD,2026-08-18 00:00:00,266.989990234375,336.8805847167969,0.2074640025372086,True,273.22539978027345,-0.0228214856704864,-0.0261171031242587,-0.0050309537226634,0.0116705942538237,0.5479210371192288,0.0388073570003552,False,1.0,2,MODERADO,True,False,False,1,0.037410492474061,0.0573248407643312,NAO_APROVADO,False,AGUARDAR,0.0,0.0,1.0,False,,False,0.0,1.0,fundamentos não aprovados | queda 20.7% | Falling Score 2 | 1 confirmações | condições insuficientes para entrada,2026-08-18 23:45:56.689699+00:00
GOOGL,2026-08-18 00:00:00,344.20001220703125,402.3796691894531,0.1445889577364035,False,352.8439990234375,-0.0244980411749388,0.0011635381857646,-0.088574029471908,-0.0084977149397063,0.6188885122592933,0.8568577968190622,False,1.0,2,MODERADO,True,False,False,1,0.2423362508814868,2.9437229437229435,CRESCIMENTO_FORTE,True,AGUARDAR,0.0,0.0,1.0,False,,False,0.0,1.0,fundamentos aprovados | queda 14.5% | Falling Score 2 | 1 confirmações | condições insuficientes para entrada,2026-08-18 23:45:56.689699+00:00
SBUX,2026-08-18 00:00:00,106.01000213623048,111.53936767578124,0.0495732193464046,False,103.39659088134766,0.0252756036984025,-0.0003846682335404,0.0157090149497336,0.0207657442099682,0.6991476056835,0.0289401767271621,False,1.0,2,MODERADO,True,False,False,1,-0.0140968697123519,0.8571428571428572,NAO_APROVADO,False,AGUARDAR,0.0,0.0,1.0,False,,False,0.0,1.0,fundamentos não aprovados | queda 5.0% | Falling Score 2 | 1 confirmações | condições insuficientes para entrada,2026-08-18 23:45:56.689699+00:00
QCOM,2026-08-18 00:00:00,160.19000244140625,250.0962829589844,0.3594866723082114,False,181.1479998779297,-0.115695439368066,-0.0153060631084334,-0.0152455631367462,-0.0767146833348343,0.8878036924839636,0.6798427077427838,False,0.0,2,MODERADO,False,False,False,0,-0.0403280270139894,-0.2304526748971194,NAO_APROVADO,False,AGUARDAR,0.0,0.0,1.0,False,,False,0.0,1.0,fundamentos não aprovados | queda 35.9% | Falling Score 2 | 0 confirmações | condições insuficientes para entrada,2026-08-18 23:45:56.689699+00:00
META,2026-08-18 00:00:00,543.6699829101562,787.419189453125,0.3095545673864722,False,594.921923828125,-0.0861490203423326,-0.0925524313308643,-0.0752968319002276,-0.1555428077044169,1.6461657743085814,0.0263588667366211,False,1.0,3,ALTO,True,False,True,2,0.2795900328310463,-0.134453781512605,NAO_APROVADO,False,AGUARDAR,0.0,0.0,1.0,False,,False,0.0,1.0,fundamentos não aprovados | queda 31.0% | Falling Score 3 | 2 confirmações | condições insuficientes para entrada,2026-08-18 23:45:56.689699+00:00
HOOD,2026-08-18 00:00:00,91.52999877929688,152.4600067138672,0.3996458431811701,False,99.43300033569336,-0.0794806707000227,-0.0301970603629985,-0.0211742413827454,-0.13943213375284,0.7900341135409067,0.0285703213555643,False,0.0,3,ALTO,True,False,False,1,0.3225480283114257,0.4761904761904763,CRESCIMENTO_FORTE,True,AGUARDAR,0.0,0.0,1.0,False,,False,0.0,1.0,fundamentos aprovados | queda 40.0% | Falling Score 3 | 1 confirmações | condições insuficientes para entrada,2026-08-18 23:45:56.689699+00:00
GM,2026-08-18 00:00:00,83.70999908447266,90.3000030517578,0.0729790004935871,False,81.90019989013672,0.0220976163277215,-0.0631225460096899,-0.05208921527904,0.0526911798074325,0.389001361973637,0.0873019236940739,False,1.0,3,ALTO,True,False,False,1,0.0208309034500455,-0.2617801047120419,NAO_APROVADO,False,AGUARDAR,0.0,0.0,1.0,False,,False,0.0,1.0,fundamentos não aprovados | queda 7.3% | Falling Score 3 | 1 confirmações | condições insuficientes para entrada,2026-08-18 23:45:56.689699+00:00
MU,2026-08-19 00:00:00,937.10498046875,1213.3734130859375,0.2276862420403311,True,962.26876953125,-0.0261504788051658,0.0283279779914704,0.0491664460051148,-0.0233199237664852,0.6242226298621355,0.4892878595741841,False,2.0,1,BAIXO,True,True,False,2,3.457155144608107,13.68452380952381,CRESCIMENTO_FORTE,True,ENTRADA_FORTE,1.0,0.0,0.0,False,,False,1.0,0.0,fundamentos aprovados | queda 22.8% | Falling Score 1 | 2 confirmações | queda estabilizada,2026-08-19 23:46:45.531319+00:00
UBER,2026-08-19 00:00:00,78.04000091552734,100.0999984741211,0.220379599349314,True,72.54820007324219,0.0756986505073982,0.0355626364579362,0.1446171980964783,0.1096260327561693,0.809460301987378,0.7621860012600666,False,2.0,1,BAIXO,True,True,False,2,0.1217295075488102,0.857142857142857,CRESCIMENTO_FORTE,True,ENTRADA_FORTE,1.0,0.0,0.0,False,,False,1.0,0.0,fundamentos aprovados | queda 22.0% | Falling Score 1 | 2 confirmações | queda estabilizada,2026-08-19 23:46:45.531319+00:00
AVGO,2026-08-19 00:00:00,362.4800109863281,480.8090515136719,0.2461040202026626,True,389.0402142333984,-0.0682710996841471,-0.1287585107040014,-0.133403433001374,-0.0865149234734097,1.8638866534289336,0.2987689916965447,False,1.0,2,MODERADO,True,False,True,2,0.4787390029325513,0.8543689320388348,CRESCIMENTO_FORTE,True,ENTRADA_PARCIAL,0.6,0.4,0.4,True,CROSS_SMA50,False,0.6,0.4,fundamentos aprovados | queda 24.6% | Falling Score 2 | 2 confirmações | entrada escalonada por risco,2026-08-19 23:46:45.531319+00:00
CAT,2026-08-19 00:00:00,816.1500244140625,1062.92822265625,0.2321682621480221,True,907.1443518066408,-0.1003085420874381,-0.046107938636696,-0.0630596404441633,-0.0822659964977071,1.36445253522507,0.2420000366792834,False,1.0,2,MODERADO,False,False,True,1,0.2398454945983463,0.6818181818181817,CRESCIMENTO_FORTE,True,ENTRADA_PARCIAL,0.6,0.4,0.4,True,CROSS_SMA50,False,0.6,0.4,fundamentos aprovados | queda 23.2% | Falling Score 2 | 1 confirmações | entrada escalonada por risco,2026-08-19 23:46:45.531319+00:00
CRM,2026-08-19 00:00:00,206.08999633789065,363.2192687988281,0.4326016980887784,False,173.21057220458985,0.189823425411151,0.0660562204110368,0.067934505651358,0.2643558057539301,1.3111661545726392,0.8646286803248103,False,3.0,0,BAIXO,True,True,True,3,0.1326686336351612,0.5220125786163521,CRESCIMENTO_FORTE,True,AGUARDAR,0.0,0.0,1.0,False,,False,0.0,1.0,fundamentos aprovados | queda 43.3% | Falling Score 0 | 3 confirmações | condições insuficientes para entrada,2026-08-19 23:46:45.531319+00:00
PFE,2026-08-19 00:00:00,28.239999771118164,47.42330932617188,0.4045122499383835,False,25.005431480407715,0.1293546281432815,0.0733561514386997,0.094149568208333,0.1576965128968839,1.5136105116908525,0.7719300593843834,False,4.0,0,BAIXO,True,True,True,3,0.0260015013990309,,NAO_APROVADO,False,AGUARDAR,0.0,0.0,1.0,False,,False,0.0,1.0,fundamentos não aprovados | queda 40.5% | Falling Score 0 | 3 confirmações | condições insuficientes para entrada,2026-08-19 23:46:45.531319+00:00
HOOD,2026-08-19 00:00:00,95.7699966430664,152.4600067138672,0.3718352851524863,False,99.64760025024414,-0.0389131659712822,0.0090611415843866,0.0320042402331832,-0.0833652989473144,1.39818179071682,0.494481257139485,False,3.0,0,BAIXO,True,True,True,3,0.3225480283114257,0.4761904761904763,CRESCIMENTO_FORTE,True,AGUARDAR,0.0,0.0,1.0,False,,False,0.0,1.0,fundamentos aprovados | queda 37.2% | Falling Score 0 | 3 confirmações | condições insuficientes para entrada,2026-08-19 23:46:45.531319+00:00
MELI,2026-08-19 00:00:00,1908.6500244140625,2613.6298828125,0.2697320929158554,True,1776.7803930664063,0.0742183062477814,0.0439536307886734,-0.0072402681118927,0.060826732761938,1.550023570684646,0.9353127900485808,False,3.0,0,BAIXO,True,True,True,3,0.468873620653758,-0.1086323957322988,NAO_APROVADO,False,AGUARDAR,0.0,0.0,1.0,False,,False,0.0,1.0,fundamentos não aprovados | queda 27.0% | Falling Score 0 | 3 confirmações | condições insuficientes para entrada,2026-08-19 23:46:45.531319+00:00
LLY,2026-08-19 00:00:00,1280.3399658203125,1233.7921142578125,-0.0377274672325984,False,1173.6653198242188,0.0908901747323251,0.0507216323406694,0.0960069092497424,0.1024622795754983,1.4194255977368824,0.7637677594668353,False,4.0,0,BAIXO,True,True,True,3,0.4766964268497271,0.2623211446740858,CRESCIMENTO_FORTE,True,AGUARDAR,0.0,0.0,1.0,False,,False,0.0,1.0,fundamentos aprovados | queda -3.8% | Falling Score 0 | 3 confirmações | condições insuficientes para entrada,2026-08-19 23:46:45.531319+00:00
ADBE,2026-08-19 00:00:00,272.4700012207031,688.3699951171875,0.6041808865095608,False,231.2225988769532,0.1783882827374503,0.0530241593070652,0.0507095230798886,0.2478017973031019,1.025627944763565,0.7643366853272514,False,1.0,0,BAIXO,True,False,False,1,0.126851694193768,0.0786802030456852,NAO_APROVADO,False,AGUARDAR,0.0,0.0,1.0,False,,False,0.0,1.0,fundamentos não aprovados | queda 60.4% | Falling Score 0 | 1 confirmações | condições insuficientes para entrada,2026-08-19 23:46:45.531319+00:00
BA,2026-08-19 00:00:00,222.1999969482422,430.2999877929688,0.4836160742464399,False,221.7543994140625,0.0020094191382766,-0.0389273361539653,-0.0748990603701446,0.06494130576625,1.0006272852679523,0.5,False,0.0,0,BAIXO,True,False,False,1,0.0796078948525209,,NAO_APROVADO,False,AGUARDAR,0.0,0.0,1.0,False,,False,0.0,1.0,fundamentos não aprovados | queda 48.4% | Falling Score 0 | 1 confirmações | condições insuficientes para entrada,2026-08-19 23:46:45.531319+00:00
CVX,2026-08-19 00:00:00,205.759994506836,209.23358154296875,0.0166014796024484,False,184.9791998291016,0.1123412507835115,0.0465920046741876,0.1038033928683395,0.0662244743612725,1.0327385082216451,0.43859672605105,False,1.0,0,BAIXO,True,False,False,1,0.5143436619718309,3.2137931034482765,CRESCIMENTO_FORTE,True,AGUARDAR,0.0,0.0,1.0,False,,False,0.0,1.0,fundamentos aprovados | queda 1.7% | Falling Score 0 | 1 confirmações | condições insuficientes para entrada,2026-08-19 23:46:45.531319+00:00
GE,2026-08-19 00:00:00,356.2300109863281,381.2200012207031,0.065552673402116,False,358.73831970214843,-0.0069920289471804,-0.0249089204839675,-0.065552673402116,0.0440810353096579,1.3723841830177117,0.0134589634692318,False,3.0,1,BAIXO,True,True,True,3,0.2110133357525174,0.1957671957671958,CRESCIMENTO_FORTE,True,AGUARDAR,0.0,0.0,1.0,False,,False,0.0,1.0,fundamentos aprovados | queda 6.6% | Falling Score 1 | 3 confirmações | condições insuficientes para entrada,2026-08-19 23:46:45.531319+00:00
NKE,2026-08-19 00:00:00,41.04999923706055,163.68594360351562,0.7492148786062356,False,42.64639991760254,-0.0374334218978954,0.0133300651172898,-0.032980011795457,-0.0274816364030395,0.7092680580392281,0.7272719854756124,False,2.0,1,BAIXO,True,True,False,2,0.0008873901854644,-0.3518518518518519,NAO_APROVADO,False,AGUARDAR,0.0,0.0,1.0,False,,False,0.0,1.0,fundamentos não aprovados | queda 74.9% | Falling Score 1 | 2 confirmações | condições insuficientes para entrada,2026-08-19 23:46:45.531319+00:00
WMT,2026-08-19 00:00:00,114.3000030517578,134.1999969482422,0.1482860979807573,False,114.23559951782228,0.0005637781410294,-0.0147401004481028,0.0174470961167916,0.0454587134132054,1.596893974854584,0.1076405077777306,False,1.0,1,BAIXO,True,False,True,2,0.0713680243442838,0.1964285714285714,NAO_APROVADO,False,AGUARDAR,0.0,0.0,1.0,False,,False,0.0,1.0,fundamentos não aprovados | queda 14.8% | Falling Score 1 | 2 confirmações | condições insuficientes para entrada,2026-08-19 23:46:45.531319+00:00
AAPL,2026-08-19 00:00:00,316.8299865722656,339.78692626953125,0.0675627516023242,False,309.21333740234377,0.0246323435913478,0.0482381689735835,0.0196245025690755,-0.026962400143511,0.953339601986588,0.7469064380767424,False,2.0,1,BAIXO,True,True,False,2,0.1635650176528138,0.286624203821656,CRESCIMENTO_FORTE,True,AGUARDAR,0.0,0.0,1.0,False,,False,0.0,1.0,fundamentos aprovados | queda 6.8% | Falling Score 1 | 2 confirmações | condições insuficientes para entrada,2026-08-19 23:46:45.531319+00:00
PYPL,2026-08-19 00:00:00,61.25,305.88092041015625,0.7997586775995384,False,51.18960014343261,0.1965321047317867,0.0346283650446148,0.0573105416422308,0.1034048252932509,0.7717399601595708,0.546874487773622,False,1.0,1,BAIXO,True,False,False,1,0.0721345141830316,-0.0620155038759689,NAO_APROVADO,False,AGUARDAR,0.0,0.0,1.0,False,,False,0.0,1.0,fundamentos não aprovados | queda 80.0% | Falling Score 1 | 1 confirmações | condições insuficientes para entrada,2026-08-19 23:46:45.531319+00:00
NOW,2026-08-19 00:00:00,127.1999969482422,234.0780029296875,0.456591412451299,False,108.0168002319336,0.177594565614964,0.0180886382477527,0.0851390174339667,0.3324952667942389,0.8945954706582191,0.7835627578833082,False,1.0,1,BAIXO,True,False,False,1,0.2401244167962675,-0.8423913043478262,NAO_APROVADO,False,AGUARDAR,0.0,0.0,1.0,False,,False,0.0,1.0,fundamentos não aprovados | queda 45.7% | Falling Score 1 | 1 confirmações | condições insuficientes para entrada,2026-08-19 23:46:45.531319+00:00
DIS,2026-08-19 00:00:00,106.93000030517578,195.7644958496093,0.4537824652978864,False,99.30477401733398,0.0767860997952705,0.0359426374791451,0.0508057985496503,0.1153645273989321,0.694234845705886,0.957793020081694,False,1.0,1,BAIXO,True,False,False,1,0.067568710359408,-0.482876712328767,NAO_APROVADO,False,AGUARDAR,0.0,0.0,1.0,False,,False,0.0,1.0,fundamentos não aprovados | queda 45.4% | Falling Score 1 | 1 confirmações | condições insuficientes para entrada,2026-08-19 23:46:45.531319+00:00
SOFI,2026-08-19 00:00:00,18.420000076293945,32.209999084472656,0.428127891963412,False,17.58339994430542,0.0475789741823775,0.0267558265299427,0.0093150726736408,0.0790861397542415,0.5993199936493894,0.6588977491319877,False,1.0,1,BAIXO,True,False,False,1,0.0111067219698466,0.5,NAO_APROVADO,False,AGUARDAR,0.0,0.0,1.0,False,,False,0.0,1.0,fundamentos não aprovados | queda 42.8% | Falling Score 1 | 1 confirmações | condições insuficientes para entrada,2026-08-19 23:46:45.531319+00:00
NFLX,2026-08-19 00:00:00,80.22000122070312,133.91299438476562,0.4009543167244028,False,74.59399932861328,0.075421641723556,0.0809864197598133,0.0811321363889026,0.1705822654258946,0.8666771519719153,0.6928101804872333,False,1.0,1,BAIXO,True,False,False,1,0.1336537425289954,-0.8887343532684284,NAO_APROVADO,False,AGUARDAR,0.0,0.0,1.0,False,,False,0.0,1.0,fundamentos não aprovados | queda 40.1% | Falling Score 1 | 1 confirmações | condições insuficientes para entrada,2026-08-19 23:46:45.531319+00:00
UNH,2026-08-19 00:00:00,388.6099853515625,599.7755737304688,0.3520743385154949,False,414.5167474365234,-0.0624987102334825,-0.0418649649637372,-0.0584858016921562,-0.099000747603191,1.2303919833987362,0.2162682304291196,False,0.0,1,BAIXO,True,False,False,1,0.0037270642201834,0.6149732620320856,NAO_APROVADO,False,AGUARDAR,0.0,0.0,1.0,False,,False,0.0,1.0,fundamentos não aprovados | queda 35.2% | Falling Score 1 | 1 confirmações | condições insuficientes para entrada,2026-08-19 23:46:45.531319+00:00
F,2026-08-19 00:00:00,14.5,18.56574440002441,0.2189917254284222,True,14.044836406707764,0.0324078956928861,0.0484454143159824,0.037299340029822,0.0164382552456432,0.8788962950483191,1.0,True,1.0,1,BAIXO,True,False,False,1,0.0637989129098108,4.25,NAO_APROVADO,False,AGUARDAR,0.0,0.0,1.0,False,,False,0.0,1.0,fundamentos não aprovados | queda 21.9% | Falling Score 1 | 1 confirmações | condições insuficientes para entrada,2026-08-19 23:46:45.531319+00:00
GOOGL,2026-08-19 00:00:00,344.7200012207031,402.3796691894531,0.1432966732263055,False,352.4721990966797,-0.0219937853136898,0.0034348042336587,-0.0488645857488978,0.0076880496681195,0.6368711864792358,0.6688620526691537,False,0.0,1,BAIXO,True,False,False,1,0.2423362508814868,2.9437229437229435,CRESCIMENTO_FORTE,True,AGUARDAR,0.0,0.0,1.0,False,,False,0.0,1.0,fundamentos aprovados | queda 14.3% | Falling Score 1 | 1 confirmações | condições insuficientes para entrada,2026-08-19 23:46:45.531319+00:00
MSFT,2026-08-19 00:00:00,484.30999755859375,538.6585693359375,0.1008961425125847,False,416.5721978759765,0.1626075864592009,-0.0164896436812567,-0.0064620562747756,0.2407388484457526,0.5247137036758547,0.4887063269008431,False,1.0,1,BAIXO,True,False,False,1,0.1829703422487369,0.2341040462427743,CRESCIMENTO_FORTE,True,AGUARDAR,0.0,0.0,1.0,False,,False,0.0,1.0,fundamentos aprovados | queda 10.1% | Falling Score 1 | 1 confirmações | condições insuficientes para entrada,2026-08-19 23:46:45.531319+00:00
AMZN,2026-08-19 00:00:00,265.8399963378906,284.0199890136719,0.0640095534786677,False,248.9977996826172,0.0676399417052728,-0.0053876176593196,-0.0249770684432116,0.0857259126450706,0.6649563425458439,0.9283891260741632,False,0.0,1,BAIXO,True,False,False,1,0.1962051734624512,2.422619047619048,CRESCIMENTO_FORTE,True,AGUARDAR,0.0,0.0,1.0,False,,False,0.0,1.0,fundamentos aprovados | queda 6.4% | Falling Score 1 | 1 confirmações | condições insuficientes para entrada,2026-08-19 23:46:45.531319+00:00
GM,2026-08-19 00:00:00,84.95999908447266,90.3000030517578,0.0591362545605275,False,81.92399993896484,0.0370587269636455,-0.0207469226306777,-0.0471063751135937,0.034457590718316,0.7413742764682463,0.426188281307254,False,1.0,1,BAIXO,True,False,False,1,0.0208309034500455,-0.2617801047120419,NAO_APROVADO,False,AGUARDAR,0.0,0.0,1.0,False,,False,0.0,1.0,fundamentos não aprovados | queda 5.9% | Falling Score 1 | 1 confirmações | condições insuficientes para entrada,2026-08-19 23:46:45.531319+00:00
MA,2026-08-19 00:00:00,573.719970703125,595.2506713867188,0.0361708129340451,False,533.9440924072265,0.0744944627377997,0.0249941770541912,0.0056794109264146,0.0784615808241433,0.8112772972241565,0.2691003178540972,False,1.0,1,BAIXO,True,False,False,1,0.140661502520595,0.221130221130221,CRESCIMENTO_FORTE,True,AGUARDAR,0.0,0.0,1.0,False,,False,0.0,1.0,fundamentos aprovados | queda 3.6% | Falling Score 1 | 1 confirmações | condições insuficientes para entrada,2026-08-19 23:46:45.531319+00:00
V,2026-08-19 00:00:00,365.5400085449219,369.7830505371094,0.0114744090785786,False,350.41820434570315,0.0431535919415315,0.017027418865249,-0.0062976162289365,0.0362148773728863,0.5135320145464372,0.3416627891387156,False,0.0,1,BAIXO,True,False,False,1,,,SEM_DADOS,False,AGUARDAR,0.0,0.0,1.0,False,,False,0.0,1.0,fundamentos não aprovados | queda 1.1% | Falling Score 1 | 1 confirmações | condições insuficientes para entrada,2026-08-19 23:46:45.531319+00:00
JNJ,2026-08-19 00:00:00,273.4100036621094,271.1099853515625,-0.0084837093239642,False,253.5855993652344,0.0781763804667878,0.0481101702648383,0.0614154569242939,0.0695536456584886,0.8763985886803434,0.4822342364671923,False,1.0,1,BAIXO,True,False,False,1,0.065998399528282,-0.0087336244541484,NAO_APROVADO,False,AGUARDAR,0.0,0.0,1.0,False,,False,0.0,1.0,fundamentos não aprovados | queda -0.8% | Falling Score 1 | 1 confirmações | condições insuficientes para entrada,2026-08-19 23:46:45.531319+00:00
SHOP,2026-08-19 00:00:00,146.5800018310547,179.00999450683594,0.1811630281600998,False,125.02600006103516,0.1723961556755979,-0.0254637440183742,0.0162229357236229,0.237797703914288,0.5162658257556039,0.2326143037488336,False,2.0,2,MODERADO,True,True,False,2,0.3369402985074627,0.681159420289855,CRESCIMENTO_FORTE,True,AGUARDAR,0.0,0.0,1.0,False,,False,0.0,1.0,fundamentos aprovados | queda 18.1% | Falling Score 2 | 2 confirmações | condições insuficientes para entrada,2026-08-19 23:46:45.531319+00:00
XOM,2026-08-19 00:00:00,164.77000427246094,169.21829223632812,0.0262872760685634,False,147.43939697265623,0.1175439377510392,0.0381027879101569,0.0936945758623795,0.0737255907999621,0.9542954330099862,0.0309860607858054,False,2.0,2,MODERADO,True,True,False,2,,,SEM_DADOS,False,AGUARDAR,0.0,0.0,1.0,False,,False,0.0,1.0,fundamentos não aprovados | queda 2.6% | Falling Score 2 | 2 confirmações | condições insuficientes para entrada,2026-08-19 23:46:45.531319+00:00
ORCL,2026-08-19 00:00:00,143.80999755859375,324.62994384765625,0.5570032885626794,False,147.55579788208007,-0.0253856532732098,-0.0617823675373242,-0.0040169113754859,0.1428003952928622,0.7688847725964818,0.7375720381663365,False,1.0,2,MODERADO,True,False,False,1,0.21656050955414,0.2450980392156863,CRESCIMENTO_FORTE,True,AGUARDAR,0.0,0.0,1.0,False,,False,0.0,1.0,fundamentos aprovados | queda 55.7% | Falling Score 2 | 1 confirmações | condições insuficientes para entrada,2026-08-19 23:46:45.531319+00:00
MCD,2026-08-19 00:00:00,267.45001220703125,336.8805847167969,0.206098468298888,True,273.0188000488281,-0.0203970856248759,-0.0299238289253496,-0.0239050649378421,0.0147209651136053,0.9061806849376226,0.2353211372455848,False,1.0,2,MODERADO,True,False,False,1,0.037410492474061,0.0573248407643312,NAO_APROVADO,False,AGUARDAR,0.0,0.0,1.0,False,,False,0.0,1.0,fundamentos não aprovados | queda 20.6% | Falling Score 2 | 1 confirmações | condições insuficientes para entrada,2026-08-19 23:46:45.531319+00:00
COST,2026-08-19 00:00:00,956.989990234375,1092.5828857421875,0.1241030747206924,False,948.7040844726564,0.0087339201942242,0.007803421524434,0.015923736085845,0.0336473304313487,0.8447783115571739,0.0436118811455244,False,0.0,2,MODERADO,True,False,False,1,0.1158452654062178,0.1518691588785046,CRESCIMENTO_FORTE,True,AGUARDAR,0.0,0.0,1.0,False,,False,0.0,1.0,fundamentos aprovados | queda 12.4% | Falling Score 2 | 1 confirmações | condições insuficientes para entrada,2026-08-19 23:46:45.531319+00:00
NVDA,2026-08-19 00:00:00,217.5599975585937,235.465576171875,0.0760432964528594,False,207.11779907226563,0.0504167122917558,-0.0291400726762059,-0.0075723184602948,0.0259360561318515,0.8049423107857059,0.1309333832802647,False,0.0,2,MODERADO,True,False,False,1,0.8522763378875222,2.144736842105264,CRESCIMENTO_FORTE,True,AGUARDAR,0.0,0.0,1.0,False,,False,0.0,1.0,fundamentos aprovados | queda 7.6% | Falling Score 2 | 1 confirmações | condições insuficientes para entrada,2026-08-19 23:46:45.531319+00:00
SBUX,2026-08-19 00:00:00,104.9800033569336,111.53937530517578,0.0588076805190589,False,103.61062255859376,0.0132166062178173,-0.0267945305893061,-0.0039333946998018,0.0154169910271719,0.8354237193599506,0.1068540969899665,False,1.0,2,MODERADO,True,False,False,1,-0.0140968697123519,0.8571428571428572,NAO_APROVADO,False,AGUARDAR,0.0,0.0,1.0,False,,False,0.0,1.0,fundamentos não aprovados | queda 5.9% | Falling Score 2 | 1 confirmações | condições insuficientes para entrada,2026-08-19 23:46:45.531319+00:00
JPM,2026-08-19 00:00:00,357.260009765625,365.1799926757813,0.021687888353697,False,341.8174578857422,0.0451777740534384,-0.021687888353697,-0.0055115814568924,0.0259901166900158,0.7666591576074124,0.2192825799608017,False,1.0,2,MODERADO,True,False,False,1,0.4668939777910887,0.4694656488549618,CRESCIMENTO_FORTE,True,AGUARDAR,0.0,0.0,1.0,False,,False,0.0,1.0,fundamentos aprovados | queda 2.2% | Falling Score 2 | 1 confirmações | condições insuficientes para entrada,2026-08-19 23:46:45.531319+00:00
QCOM,2026-08-19 00:00:00,161.91000366210938,250.0962829589844,0.3526093161142163,False,180.03079986572266,-0.1006538671001229,-0.0071135316735654,0.0278042589776756,-0.0781187771978806,0.7077832442386379,0.2725775599186494,False,1.0,2,MODERADO,False,False,False,0,-0.0403280270139894,-0.2304526748971194,NAO_APROVADO,False,AGUARDAR,0.0,0.0,1.0,False,,False,0.0,1.0,fundamentos não aprovados | queda 35.3% | Falling Score 2 | 0 confirmações | condições insuficientes para entrada,2026-08-19 23:46:45.531319+00:00
META,2026-08-19 00:00:00,546.030029296875,787.419189453125,0.3065573755243361,False,594.1455651855468,-0.0809827401028328,-0.0566985361895208,-0.0725919948648242,-0.1293747402207939,0.9601970124515934,0.5214550983366252,False,0.0,3,ALTO,True,False,False,1,0.2795900328310463,-0.134453781512605,NAO_APROVADO,False,AGUARDAR,0.0,0.0,1.0,False,,False,0.0,1.0,fundamentos não aprovados | queda 30.7% | Falling Score 3 | 1 confirmações | condições insuficientes para entrada,2026-08-19 23:46:45.531319+00:00
AMD,2026-08-19 00:00:00,466.4200134277344,580.9099731445312,0.197087268268179,False,509.9382012939453,-0.0853401211279827,-0.0341871068238476,-0.0324239700467477,-0.1555410732785414,0.6559817797357456,0.1582507843093211,False,0.0,3,ALTO,True,False,False,1,0.5011060507482108,1.5555555555555554,CRESCIMENTO_FORTE,True,AGUARDAR,0.0,0.0,1.0,False,,False,0.0,1.0,fundamentos aprovados | queda 19.7% | Falling Score 3 | 1 confirmações | condições insuficientes para entrada,2026-08-19 23:46:45.531319+00:00
INTC,2026-08-19 00:00:00,92.8000030517578,140.94000244140625,0.3415637757609798,False,108.83659973144532,-0.1473456237998786,-0.0807329781363236,-0.0817335712089926,-0.0956928418631454,0.9063526849753712,0.2196538547195314,False,2.0,5,ALTO,False,True,False,1,0.2542188350571583,,NAO_APROVADO,False,AGUARDAR,0.0,0.0,1.0,False,,False,0.0,1.0,fundamentos não aprovados | queda 34.2% | Falling Score 5 | 1 confirmações | condições insuficientes para entrada,2026-08-19 23:46:45.531319+00:00
CAT,2026-08-20 00:00:00,815.3900146484375,1062.92822265625,0.232883277282088,True,905.1920263671876,-0.0992076919625032,-0.0458810695736523,-0.0485086891550994,-0.0884811918115154,0.9407041862866286,0.8026568436533983,False,0.0,1,BAIXO,True,False,False,1,0.2398454945983463,0.6818181818181817,CRESCIMENTO_FORTE,True,ENTRADA_FORTE,1.0,0.0,0.0,False,,False,1.0,0.0,fundamentos aprovados | queda 23.3% | Falling Score 1 | 1 confirmações | queda estabilizada,2026-08-20 23:49:57.128681+00:00
UBER,2026-08-20 00:00:00,78.55000305175781,100.0999984741211,0.2152846728357804,True,72.71160018920898,0.080295342797521,0.0351872152739116,0.1146587440200141,0.1398925972623197,0.8241053227234199,0.2233036676555226,False,2.0,2,MODERADO,True,True,False,2,0.1217295075488102,0.857142857142857,CRESCIMENTO_FORTE,True,ENTRADA_PARCIAL,0.6,0.4,0.4,True,CROSS_SMA50,False,0.6,0.4,fundamentos aprovados | queda 21.5% | Falling Score 2 | 2 confirmações | entrada escalonada por risco,2026-08-20 23:49:57.128681+00:00
AVGO,2026-08-20 00:00:00,364.0299987792969,480.8090515136719,0.2428803126037954,True,388.4900079345703,-0.0629617458768541,-0.1287396668469781,-0.1344366159266679,-0.0724641433815299,1.006085616410357,0.365491267538555,False,0.0,2,MODERADO,True,False,False,1,0.4787390029325513,0.8543689320388348,CRESCIMENTO_FORTE,True,ENTRADA_PARCIAL,0.6,0.4,0.4,True,CROSS_SMA50,False,0.6,0.4,fundamentos aprovados | queda 24.3% | Falling Score 2 | 1 confirmações | entrada escalonada por risco,2026-08-20 23:49:57.128681+00:00
COST,2026-08-20 00:00:00,933.510009765625,1092.5828857421875,0.1455934172614326,False,948.0332348632812,-0.0153193206351575,-0.0294640188591245,-0.0164779162894638,0.009647567327208,1.3965362963211057,0.4186807286418836,False,1.0,0,BAIXO,True,False,True,2,0.1158452654062178,0.1518691588785046,CRESCIMENTO_FORTE,True,AGUARDAR,0.0,0.0,1.0,False,,False,0.0,1.0,fundamentos aprovados | queda 14.6% | Falling Score 0 | 2 confirmações | condições insuficientes para entrada,2026-08-20 23:49:57.128681+00:00
PYPL,2026-08-20 00:00:00,62.29999923706055,305.88092041015625,0.7963259717097674,False,51.606400146484376,0.2072145908302549,0.0282224637756436,0.0421545752629959,0.1124999863760811,1.05470938154032,0.7584266291768821,False,1.0,0,BAIXO,True,False,False,1,0.0721345141830316,-0.0620155038759689,NAO_APROVADO,False,AGUARDAR,0.0,0.0,1.0,False,,False,0.0,1.0,fundamentos não aprovados | queda 79.6% | Falling Score 0 | 1 confirmações | condições insuficientes para entrada,2026-08-20 23:49:57.128681+00:00
GE,2026-08-20 00:00:00,344.6400146484375,381.2200012207031,0.0959550560178715,False,359.0305474853516,-0.0400816391187471,-0.0443655705138468,-0.0798557578943611,-0.0124927947036175,1.735711089951703,0.0990769799298426,False,3.0,1,BAIXO,True,True,True,3,0.2110133357525174,0.1957671957671958,CRESCIMENTO_FORTE,True,AGUARDAR,0.0,0.0,1.0,False,,False,0.0,1.0,fundamentos aprovados | queda 9.6% | Falling Score 1 | 3 confirmações | condições insuficientes para entrada,2026-08-20 23:49:57.128681+00:00
CRM,2026-08-20 00:00:00,205.42999267578125,363.2192077636719,0.4344186973464133,False,173.82119995117188,0.1818465914024791,0.0201618794112352,0.0999089145819103,0.3090550070960713,0.888304671802454,0.4980002063899582,False,2.0,1,BAIXO,True,True,False,2,0.1326686336351612,0.5220125786163521,CRESCIMENTO_FORTE,True,AGUARDAR,0.0,0.0,1.0,False,,False,0.0,1.0,fundamentos aprovados | queda 43.4% | Falling Score 1 | 2 confirmações | condições insuficientes para entrada,2026-08-20 23:49:57.128681+00:00
PFE,2026-08-20 00:00:00,27.790000915527344,47.42330932617188,0.4140012303993585,False,25.05606876373291,0.1091125737869793,0.0369403621884349,0.060687026957533,0.1305940196006842,0.7178613143478856,0.2816088547763339,False,2.0,1,BAIXO,True,True,False,2,0.0260015013990309,,NAO_APROVADO,False,AGUARDAR,0.0,0.0,1.0,False,,False,0.0,1.0,fundamentos não aprovados | queda 41.4% | Falling Score 1 | 2 confirmações | condições insuficientes para entrada,2026-08-20 23:49:57.128681+00:00
HOOD,2026-08-20 00:00:00,95.0999984741211,152.4600067138672,0.3762298682525825,False,99.87420028686525,-0.047802153098912,-0.0429707573154697,0.0483959809718474,-0.0637921169534035,1.4022445671178034,0.1821604415848056,False,1.0,1,BAIXO,True,False,True,2,0.3225480283114257,0.4761904761904763,CRESCIMENTO_FORTE,True,AGUARDAR,0.0,0.0,1.0,False,,False,0.0,1.0,fundamentos aprovados | queda 37.6% | Falling Score 1 | 2 confirmações | condições insuficientes para entrada,2026-08-20 23:49:57.128681+00:00
F,2026-08-20 00:00:00,13.989999771118164,18.56574249267578,0.2464616065510311,True,14.028839988708496,-0.0027685979469146,0.0071993826726923,0.0254906418316027,-0.0005995212822561,0.8058372132383246,0.3541664597063083,False,2.0,1,BAIXO,True,True,False,2,0.0637989129098108,4.25,NAO_APROVADO,False,AGUARDAR,0.0,0.0,1.0,False,,False,0.0,1.0,fundamentos não aprovados | queda 24.6% | Falling Score 1 | 2 confirmações | condições insuficientes para entrada,2026-08-20 23:49:57.128681+00:00
MU,2026-08-20 00:00:00,974.3300170898438,1213.3734130859375,0.1970072802140452,False,963.0405480957032,0.0117227348489783,0.0257940890045409,0.1053468064404359,-0.0160370068272759,0.6113964422264966,0.9388091503317622,True,2.0,1,BAIXO,True,True,False,2,3.457155144608107,13.68452380952381,CRESCIMENTO_FORTE,True,AGUARDAR,0.0,0.0,1.0,False,,False,0.0,1.0,fundamentos aprovados | queda 19.7% | Falling Score 1 | 2 confirmações | condições insuficientes para entrada,2026-08-20 23:49:57.128681+00:00
NKE,2026-08-20 00:00:00,40.209999084472656,163.6859893798828,0.7543467267002725,False,42.55759986877442,-0.0551629037243769,-0.0247392789010044,-0.0426190694173177,-0.0190290939754681,0.6729476266226275,0.4879515026725924,False,1.0,1,BAIXO,True,False,False,1,0.0008873901854644,-0.3518518518518519,NAO_APROVADO,False,AGUARDAR,0.0,0.0,1.0,False,,False,0.0,1.0,fundamentos não aprovados | queda 75.4% | Falling Score 1 | 1 confirmações | condições insuficientes para entrada,2026-08-20 23:49:57.128681+00:00
ADBE,2026-08-20 00:00:00,272.2200012207031,688.3699951171875,0.6045440632920662,False,231.90939880371093,0.1738204774145926,0.0063958410617306,0.0460344737007514,0.2830277775839993,0.5132374867295323,0.5577341178817193,False,1.0,1,BAIXO,True,False,False,1,0.126851694193768,0.0786802030456852,NAO_APROVADO,False,AGUARDAR,0.0,0.0,1.0,False,,False,0.0,1.0,fundamentos não aprovados | queda 60.5% | Falling Score 1 | 1 confirmações | condições insuficientes para entrada,2026-08-20 23:49:57.128681+00:00
DIS,2026-08-20 00:00:00,107.31999969482422,195.7644958496093,0.4517902787782836,False,99.47968048095704,0.0788132729815918,0.0240457687946997,0.0252197113293082,0.1560917545831841,0.7103927243620313,0.3964756968951448,False,1.0,1,BAIXO,True,False,False,1,0.067568710359408,-0.482876712328767,NAO_APROVADO,False,AGUARDAR,0.0,0.0,1.0,False,,False,0.0,1.0,fundamentos não aprovados | queda 45.2% | Falling Score 1 | 1 confirmações | condições insuficientes para entrada,2026-08-20 23:49:57.128681+00:00
NOW,2026-08-20 00:00:00,129.75,234.0780029296875,0.4456975949210641,False,108.47240020751951,0.1961568081076301,0.0196463654223968,0.1056668230687147,0.4112464276112046,0.705975058746015,0.6543221039821717,False,1.0,1,BAIXO,True,False,False,1,0.2401244167962675,-0.8423913043478262,NAO_APROVADO,False,AGUARDAR,0.0,0.0,1.0,False,,False,0.0,1.0,fundamentos não aprovados | queda 44.6% | Falling Score 1 | 1 confirmações | condições insuficientes para entrada,2026-08-20 23:49:57.128681+00:00
NFLX,2026-08-20 00:00:00,80.13999938964844,133.91299438476562,0.401551733214283,False,74.56859924316406,0.0747150972799737,0.0242842737443214,0.087528792706593,0.1633038191271989,0.7690123795954963,0.3712369802962955,False,1.0,1,BAIXO,True,False,False,1,0.1336537425289954,-0.8887343532684284,NAO_APROVADO,False,AGUARDAR,0.0,0.0,1.0,False,,False,0.0,1.0,fundamentos não aprovados | queda 40.2% | Falling Score 1 | 1 confirmações | condições insuficientes para entrada,2026-08-20 23:49:57.128681+00:00
UNH,2026-08-20 00:00:00,384.8500061035156,599.7756958007812,0.3583434460616329,False,414.0006561279297,-0.0704120865340036,-0.0356086592041631,-0.0473302350655032,-0.0913919909297457,1.0407989136034583,0.1148733176612914,False,0.0,1,BAIXO,True,False,False,1,0.0037270642201834,0.6149732620320856,NAO_APROVADO,False,AGUARDAR,0.0,0.0,1.0,False,,False,0.0,1.0,fundamentos não aprovados | queda 35.8% | Falling Score 1 | 1 confirmações | condições insuficientes para entrada,2026-08-20 23:49:57.128681+00:00
MELI,2026-08-20 00:00:00,1921.9599609375,2613.6298828125,0.2646395828359221,True,1782.3963916015623,0.0783010838630196,0.0512566448447968,0.0502513447745902,0.0685272769843128,0.833631033115623,0.8261603585382162,False,1.0,1,BAIXO,True,False,False,1,0.468873620653758,-0.1086323957322988,NAO_APROVADO,False,AGUARDAR,0.0,0.0,1.0,False,,False,0.0,1.0,fundamentos não aprovados | queda 26.5% | Falling Score 1 | 1 confirmações | condições insuficientes para entrada,2026-08-20 23:49:57.128681+00:00
MCD,2026-08-20 00:00:00,269.1300048828125,336.8805847167969,0.2011115597265417,True,272.7564001464844,-0.0132953626815881,-0.0114600371613865,-0.0258090372503116,0.0240868241395446,0.7608360591517893,0.4376294964926733,False,1.0,1,BAIXO,True,False,False,1,0.037410492474061,0.0573248407643312,NAO_APROVADO,False,AGUARDAR,0.0,0.0,1.0,False,,False,0.0,1.0,fundamentos não aprovados | queda 20.1% | Falling Score 1 | 1 confirmações | condições insuficientes para entrada,2026-08-20 23:49:57.128681+00:00
GOOGL,2026-08-20 00:00:00,340.6700134277344,402.3796691894531,0.1533617637442409,False,352.0003991699219,-0.0321885593564851,-0.0164279136288006,-0.0477427996429506,0.0723346998952745,0.6221893369465736,0.3945565000514833,False,0.0,1,BAIXO,True,False,False,1,0.2423362508814868,2.9437229437229435,CRESCIMENTO_FORTE,True,AGUARDAR,0.0,0.0,1.0,False,,False,0.0,1.0,fundamentos aprovados | queda 15.3% | Falling Score 1 | 1 confirmações | condições insuficientes para entrada,2026-08-20 23:49:57.128681+00:00
MSFT,2026-08-20 00:00:00,481.1499938964844,538.6585693359375,0.1067625741299357,False,418.1269976806641,0.1507269240336228,-0.0316575648682784,-0.0374304645368221,0.2609413775042462,0.5344669472379784,0.3540756651975455,False,1.0,1,BAIXO,True,False,False,1,0.1829703422487369,0.2341040462427743,CRESCIMENTO_FORTE,True,AGUARDAR,0.0,0.0,1.0,False,,False,0.0,1.0,fundamentos aprovados | queda 10.7% | Falling Score 1 | 1 confirmações | condições insuficientes para entrada,2026-08-20 23:49:57.128681+00:00
NVDA,2026-08-20 00:00:00,216.8500061035156,235.465576171875,0.0790585629160977,False,207.2909991455078,0.0461139509067534,-0.0375055341046799,-0.0097721326817138,0.0387526911743369,0.7799186723735897,0.2833341204936585,False,0.0,1,BAIXO,True,False,False,1,0.8522763378875222,2.144736842105264,CRESCIMENTO_FORTE,True,AGUARDAR,0.0,0.0,1.0,False,,False,0.0,1.0,fundamentos aprovados | queda 7.9% | Falling Score 1 | 1 confirmações | condições insuficientes para entrada,2026-08-20 23:49:57.128681+00:00
SBUX,2026-08-20 00:00:00,103.98999786376952,111.53938293457033,0.0676835828940285,False,103.75334991455078,0.002280870443351,-0.0365051647388655,-0.005445389409043,0.013345279203109,0.987200589544184,0.3693697161316929,False,0.0,1,BAIXO,True,False,False,1,-0.0140968697123519,0.8571428571428572,NAO_APROVADO,False,AGUARDAR,0.0,0.0,1.0,False,,False,0.0,1.0,fundamentos não aprovados | queda 6.8% | Falling Score 1 | 1 confirmações | condições insuficientes para entrada,2026-08-20 23:49:57.128681+00:00
GM,2026-08-20 00:00:00,86.1500015258789,90.3000030517578,0.0459579333956414,False,81.97179992675781,0.0509712072060677,-0.0027780746089262,-0.0090867367534268,0.0679311203832799,0.8261668516578204,0.8929885559043369,False,1.0,1,BAIXO,True,False,False,1,0.0208309034500455,-0.2617801047120419,NAO_APROVADO,False,AGUARDAR,0.0,0.0,1.0,False,,False,0.0,1.0,fundamentos não aprovados | queda 4.6% | Falling Score 1 | 1 confirmações | condições insuficientes para entrada,2026-08-20 23:49:57.128681+00:00
JPM,2026-08-20 00:00:00,351.54998779296875,365.1799926757813,0.0373240734875464,False,342.6225048828125,0.0260563237467712,-0.0318360772904698,-0.0133314627076552,0.0047156156766681,1.0630877869850814,0.0,False,0.0,1,BAIXO,True,False,False,1,0.4668939777910887,0.4694656488549618,CRESCIMENTO_FORTE,True,AGUARDAR,0.0,0.0,1.0,False,,False,0.0,1.0,fundamentos aprovados | queda 3.7% | Falling Score 1 | 1 confirmações | condições insuficientes para entrada,2026-08-20 23:49:57.128681+00:00
MA,2026-08-20 00:00:00,573.8499755859375,595.2506713867188,0.0359524093453357,False,535.5328680419922,0.071549497389469,0.0120097309228264,-0.0036462133459229,0.082143731474306,0.8518051430192334,0.2624825139302433,False,1.0,1,BAIXO,True,False,False,1,0.140661502520595,0.221130221130221,CRESCIMENTO_FORTE,True,AGUARDAR,0.0,0.0,1.0,False,,False,0.0,1.0,fundamentos aprovados | queda 3.6% | Falling Score 1 | 1 confirmações | condições insuficientes para entrada,2026-08-20 23:49:57.128681+00:00
V,2026-08-20 00:00:00,365.7300109863281,369.7830505371094,0.0109605876875487,False,351.2438598632813,0.0412424323337223,0.0007661753179482,-0.0109605876875487,0.0421201466278082,0.8579505645441444,0.3822420436201675,False,0.0,1,BAIXO,True,False,False,1,,,SEM_DADOS,False,AGUARDAR,0.0,0.0,1.0,False,,False,0.0,1.0,fundamentos não aprovados | queda 1.1% | Falling Score 1 | 1 confirmações | condições insuficientes para entrada,2026-08-20 23:49:57.128681+00:00
CVX,2026-08-20 00:00:00,205.7700042724609,207.42337036132807,0.0079709730199979,False,183.8269400024414,0.1193680549201772,0.0499028679642725,0.0968969302633688,0.0676154281824621,1.0138326021735442,0.0641404345427691,False,1.0,1,BAIXO,True,False,False,1,0.5143436619718309,3.2137931034482765,CRESCIMENTO_FORTE,True,AGUARDAR,0.0,0.0,1.0,False,,False,0.0,1.0,fundamentos aprovados | queda 0.8% | Falling Score 1 | 1 confirmações | condições insuficientes para entrada,2026-08-20 23:49:57.128681+00:00
BA,2026-08-20 00:00:00,215.1000061035156,430.2999572753906,0.5001161341834568,False,221.7661996459961,-0.0300595562043344,-0.0661225007878485,-0.0736034978172814,0.0280553003672596,1.3592248980128965,0.1385289487300871,False,1.0,2,MODERADO,True,False,True,2,0.0796078948525209,,NAO_APROVADO,False,AGUARDAR,0.0,0.0,1.0,False,,False,0.0,1.0,fundamentos não aprovados | queda 50.0% | Falling Score 2 | 2 confirmações | condições insuficientes para entrada,2026-08-20 23:49:57.128681+00:00
WMT,2026-08-20 00:00:00,103.83999633789062,134.1999969482422,0.2262295178893387,True,113.93479949951173,-0.0886015792011321,-0.1026616380702827,-0.0734362753577636,-0.0420664679317338,3.807331469386266,0.2414629834665376,False,1.0,2,MODERADO,True,False,True,2,0.0713680243442838,0.1964285714285714,NAO_APROVADO,False,AGUARDAR,0.0,0.0,1.0,False,,False,0.0,1.0,fundamentos não aprovados | queda 22.6% | Falling Score 2 | 2 confirmações | condições insuficientes para entrada,2026-08-20 23:49:57.128681+00:00
AAPL,2026-08-20 00:00:00,311.29998779296875,339.78692626953125,0.0838376531708157,False,309.6333447265625,0.0053826343150413,0.0197863389704442,-0.0026937212010289,-0.0313733462867459,0.7708930429041709,0.0674967359200902,False,2.0,2,MODERADO,True,True,False,2,0.1635650176528138,0.286624203821656,CRESCIMENTO_FORTE,True,AGUARDAR,0.0,0.0,1.0,False,,False,0.0,1.0,fundamentos aprovados | queda 8.4% | Falling Score 2 | 2 confirmações | condições insuficientes para entrada,2026-08-20 23:49:57.128681+00:00
XOM,2026-08-20 00:00:00,166.14999389648438,169.21827697753906,0.0181321021337544,False,147.80335693359376,0.1241286892498221,0.0543209094761889,0.079991192494577,0.0658795586520244,0.9665618444230504,0.0311232759593176,False,2.0,2,MODERADO,True,True,False,2,,,SEM_DADOS,False,AGUARDAR,0.0,0.0,1.0,False,,False,0.0,1.0,fundamentos não aprovados | queda 1.8% | Falling Score 2 | 2 confirmações | condições insuficientes para entrada,2026-08-20 23:49:57.128681+00:00
SOFI,2026-08-20 00:00:00,17.920000076293945,32.209999084472656,0.4436510218675366,False,17.612399959564208,0.0174649745313499,-0.0276722854279394,-0.0099447680321631,0.0762763055171635,0.6952939360642102,0.1562505122271412,False,0.0,2,MODERADO,True,False,False,1,0.0111067219698466,0.5,NAO_APROVADO,False,AGUARDAR,0.0,0.0,1.0,False,,False,0.0,1.0,fundamentos não aprovados | queda 44.4% | Falling Score 2 | 1 confirmações | condições insuficientes para entrada,2026-08-20 23:49:57.128681+00:00
META,2026-08-20 00:00:00,545.8300170898438,787.419189453125,0.3068113853449123,False,593.38119140625,-0.0801359648823971,-0.0825923257189072,-0.0747075868796458,-0.0994389719910955,0.7987075688324943,0.6106042938473146,False,0.0,2,MODERADO,True,False,False,1,0.2795900328310463,-0.134453781512605,NAO_APROVADO,False,AGUARDAR,0.0,0.0,1.0,False,,False,0.0,1.0,fundamentos não aprovados | queda 30.7% | Falling Score 2 | 1 confirmações | condições insuficientes para entrada,2026-08-20 23:49:57.128681+00:00
AMD,2026-08-20 00:00:00,469.4549865722656,580.9099731445312,0.1918627527927385,False,509.8171008300781,-0.0791697928376575,-0.0280636486186627,-0.0405187464365855,-0.1301395533573294,0.5449796656870907,0.5958111675126904,False,0.0,2,MODERADO,True,False,False,1,0.5011060507482108,1.5555555555555554,CRESCIMENTO_FORTE,True,AGUARDAR,0.0,0.0,1.0,False,,False,0.0,1.0,fundamentos aprovados | queda 19.2% | Falling Score 2 | 1 confirmações | condições insuficientes para entrada,2026-08-20 23:49:57.128681+00:00
SHOP,2026-08-20 00:00:00,147.17999267578125,179.00999450683594,0.1778113111435193,False,125.76119995117188,0.1703132025849423,-0.0715953207021526,-0.0017634953969044,0.3141070774623327,0.5098233248334971,0.716626345863157,False,1.0,2,MODERADO,True,False,False,1,0.3369402985074627,0.681159420289855,CRESCIMENTO_FORTE,True,AGUARDAR,0.0,0.0,1.0,False,,False,0.0,1.0,fundamentos aprovados | queda 17.8% | Falling Score 2 | 1 confirmações | condições insuficientes para entrada,2026-08-20 23:49:57.128681+00:00
AMZN,2026-08-20 00:00:00,260.1099853515625,284.0199890136719,0.0841842285296279,False,249.3161993408203,0.0432935607043603,-0.0189341811141626,-0.0446265480726377,0.1131985845883229,0.5786684058876229,0.1365729948148462,False,0.0,2,MODERADO,True,False,False,1,0.1962051734624512,2.422619047619048,CRESCIMENTO_FORTE,True,AGUARDAR,0.0,0.0,1.0,False,,False,0.0,1.0,fundamentos aprovados | queda 8.4% | Falling Score 2 | 1 confirmações | condições insuficientes para entrada,2026-08-20 23:49:57.128681+00:00
LLY,2026-08-20 00:00:00,1244.4000244140625,1280.3399658203125,0.0280706237137753,False,1175.6924780273437,0.0584400663190436,0.0307553441087098,0.0455083893994092,0.0508599029394234,0.9370310441606048,0.0318173820376536,False,1.0,2,MODERADO,True,False,False,1,0.4766964268497271,0.2623211446740858,CRESCIMENTO_FORTE,True,AGUARDAR,0.0,0.0,1.0,False,,False,0.0,1.0,fundamentos aprovados | queda 2.8% | Falling Score 2 | 1 confirmações | condições insuficientes para entrada,2026-08-20 23:49:57.128681+00:00
JNJ,2026-08-20 00:00:00,267.3699951171875,273.4100036621094,0.022091395574488,False,254.19299926757813,0.0518385474327658,0.0201847100730951,0.0404310984771969,0.0312415877145291,0.913828205615358,0.0,False,1.0,2,MODERADO,True,False,False,1,0.065998399528282,-0.0087336244541484,NAO_APROVADO,False,AGUARDAR,0.0,0.0,1.0,False,,False,0.0,1.0,fundamentos não aprovados | queda 2.2% | Falling Score 2 | 1 confirmações | condições insuficientes para entrada,2026-08-20 23:49:57.128681+00:00
ORCL,2026-08-20 00:00:00,142.07000732421875,324.62994384765625,0.5623632076562537,False,146.29526840209962,-0.0288817343447331,-0.090577351081272,-0.0097580949646103,0.1835222112685088,0.4849496807257548,0.2151650172756124,False,1.0,3,ALTO,True,False,False,1,0.21656050955414,0.2450980392156863,CRESCIMENTO_FORTE,True,AGUARDAR,0.0,0.0,1.0,False,,False,0.0,1.0,fundamentos aprovados | queda 56.2% | Falling Score 3 | 1 confirmações | condições insuficientes para entrada,2026-08-20 23:49:57.128681+00:00
QCOM,2026-08-20 00:00:00,160.74000549316406,250.0962829589844,0.357287507069726,False,179.13720001220702,-0.1026989063008091,-0.0245766609501376,0.0021822189964932,-0.0606042608859657,0.7440937302843602,0.1369054286847451,False,0.0,3,ALTO,False,False,False,0,-0.0403280270139894,-0.2304526748971194,NAO_APROVADO,False,AGUARDAR,0.0,0.0,1.0,False,,False,0.0,1.0,fundamentos não aprovados | queda 35.7% | Falling Score 3 | 0 confirmações | condições insuficientes para entrada,2026-08-20 23:49:57.128681+00:00
INTC,2026-08-20 00:00:00,92.12999725341795,140.94000244140625,0.346317612760652,False,108.52079971313476,-0.1510383493583207,-0.118879118165723,-0.0769462027154866,-0.0808141856951788,0.7016953552024856,0.8056527576334335,False,2.0,4,ALTO,False,True,False,1,0.2542188350571583,,NAO_APROVADO,False,AGUARDAR,0.0,0.0,1.0,False,,False,0.0,1.0,fundamentos não aprovados | queda 34.6% | Falling Score 4 | 1 confirmações | condições insuficientes para entrada,2026-08-20 23:49:57.128681+00:00
HOOD,2026-08-21 00:00:00,108.12999725341795,152.4600067138672,0.2907648400124144,True,100.30960021972656,0.0779625979623181,0.1315403936371677,0.1590738149024997,0.1392897806470781,2.701599326622264,0.8555757332306783,True,4.0,0,BAIXO,True,True,True,3,0.3225480283114257,0.4761904761904763,CRESCIMENTO_FORTE,True,ENTRADA_FORTE,1.0,0.0,0.0,False,,False,1.0,0.0,fundamentos aprovados | queda 29.1% | Falling Score 0 | 3 confirmações | queda estabilizada,2026-08-21 23:47:42.900089+00:00
CAT,2026-08-21 00:00:00,827.9000244140625,1062.92822265625,0.2211138938947859,True,904.6585339355468,-0.0848480466851518,-0.0334706826821038,-0.0169676414893538,-0.0684459367766613,0.6483652492120817,0.7895287630028825,False,0.0,1,BAIXO,True,False,False,1,0.2398454945983463,0.6818181818181817,CRESCIMENTO_FORTE,True,ENTRADA_FORTE,1.0,0.0,0.0,False,,False,1.0,0.0,fundamentos aprovados | queda 22.1% | Falling Score 1 | 1 confirmações | queda estabilizada,2026-08-21 23:47:42.900089+00:00
UBER,2026-08-21 00:00:00,78.80000305175781,100.0999984741211,0.2127871703002071,True,72.91540023803711,0.0807045259919034,0.0375247691643467,0.0503866512641435,0.1950257830484441,0.5119981420498193,0.3983060162286231,False,1.0,1,BAIXO,True,False,False,1,0.1217295075488102,0.857142857142857,CRESCIMENTO_FORTE,True,ENTRADA_FORTE,1.0,0.0,0.0,False,,False,1.0,0.0,fundamentos aprovados | queda 21.3% | Falling Score 1 | 1 confirmações | queda estabilizada,2026-08-21 23:47:42.900089+00:00
MU,2026-08-21 00:00:00,966.780029296875,1213.3734130859375,0.2032295920856784,True,964.5412915039062,0.0023210388323324,-0.0050222752634994,0.1016557325661855,0.0497638487240077,0.5224410967179031,0.2687702287180889,False,1.0,1,BAIXO,True,False,False,1,3.457155144608107,13.68452380952381,CRESCIMENTO_FORTE,True,ENTRADA_FORTE,1.0,0.0,0.0,False,,False,1.0,0.0,fundamentos aprovados | queda 20.3% | Falling Score 1 | 1 confirmações | queda estabilizada,2026-08-21 23:47:42.900089+00:00
UNH,2026-08-21 00:00:00,390.1099853515625,599.7755737304688,0.3495734030561358,False,413.6999353027344,-0.0570218845548269,-0.028924962828234,-0.0416871420371106,-0.0728003175209228,1.1344786049312954,0.5270159123112754,False,0.0,0,BAIXO,True,False,False,1,0.0037270642201834,0.6149732620320856,NAO_APROVADO,False,AGUARDAR,0.0,0.0,1.0,False,,False,0.0,1.0,fundamentos não aprovados | queda 35.0% | Falling Score 0 | 1 confirmações | condições insuficientes para entrada,2026-08-21 23:47:42.900089+00:00
COST,2026-08-21 00:00:00,947.739990234375,1092.5828857421875,0.1325692516311211,False,947.3518542480468,0.000409706261288,-0.013900723848648,-8.44222418027174e-05,0.0135931045413135,1.192907254180895,0.8656762306749212,True,0.0,0,BAIXO,True,False,False,1,0.1158452654062178,0.1518691588785046,CRESCIMENTO_FORTE,True,AGUARDAR,0.0,0.0,1.0,False,,False,0.0,1.0,fundamentos aprovados | queda 13.3% | Falling Score 0 | 1 confirmações | condições insuficientes para entrada,2026-08-21 23:47:42.900089+00:00
WMT,2026-08-21 00:00:00,103.6999969482422,134.1999969482422,0.2272727324409935,True,113.59699951171876,-0.0871238026181807,-0.1003730374925812,-0.0728654594283663,-0.0527085430539824,1.7609589696457717,0.7264136005067081,False,2.0,1,BAIXO,True,True,True,3,0.0713680243442838,0.1964285714285714,NAO_APROVADO,False,AGUARDAR,0.0,0.0,1.0,False,,False,0.0,1.0,fundamentos não aprovados | queda 22.7% | Falling Score 1 | 3 confirmações | condições insuficientes para entrada,2026-08-21 23:47:42.900089+00:00
NKE,2026-08-21 00:00:00,40.7599983215332,163.68597412109375,0.7509866160470215,False,42.493599853515626,-0.0407967679358424,0.0007365278574522,-0.0225420245613441,-0.0225420245613441,0.4761398171664143,0.5875679426889141,False,2.0,1,BAIXO,True,True,False,2,0.0008873901854644,-0.3518518518518519,NAO_APROVADO,False,AGUARDAR,0.0,0.0,1.0,False,,False,0.0,1.0,fundamentos não aprovados | queda 75.1% | Falling Score 1 | 2 confirmações | condições insuficientes para entrada,2026-08-21 23:47:42.900089+00:00
CRM,2026-08-21 00:00:00,209.1699981689453,363.21923828125,0.4241219183247677,False,174.595,0.1980297154497283,0.0660516335131553,0.0852443302247596,0.2780764602742853,0.6491671497404232,0.7016054040250735,False,2.0,1,BAIXO,True,True,False,2,0.1326686336351612,0.5220125786163521,CRESCIMENTO_FORTE,True,AGUARDAR,0.0,0.0,1.0,False,,False,0.0,1.0,fundamentos aprovados | queda 42.4% | Falling Score 1 | 2 confirmações | condições insuficientes para entrada,2026-08-21 23:47:42.900089+00:00
PFE,2026-08-21 00:00:00,28.06999969482422,47.423301696777344,0.4080968913910159,False,25.114271621704106,0.1176911724792262,0.0477789748247077,0.0489536418063447,0.1438467256561233,0.9116000372838928,0.5424827964495861,False,2.0,1,BAIXO,True,True,False,2,0.0260015013990309,,NAO_APROVADO,False,AGUARDAR,0.0,0.0,1.0,False,,False,0.0,1.0,fundamentos não aprovados | queda 40.8% | Falling Score 1 | 2 confirmações | condições insuficientes para entrada,2026-08-21 23:47:42.900089+00:00
XOM,2026-08-21 00:00:00,165.11000061035156,169.21827697753906,0.0242779706812213,False,148.11253723144532,0.1147604632033645,0.0379706607658727,0.0858540964549894,0.0588703450907863,1.003873390262646,0.1449718299685795,False,2.0,1,BAIXO,True,True,False,2,,,SEM_DADOS,False,AGUARDAR,0.0,0.0,1.0,False,,False,0.0,1.0,fundamentos não aprovados | queda 2.4% | Falling Score 1 | 2 confirmações | condições insuficientes para entrada,2026-08-21 23:47:42.900089+00:00
ADBE,2026-08-21 00:00:00,275.29998779296875,688.3699951171875,0.6000697448381638,False,232.74779846191407,0.1828253139761395,0.0427240332121698,0.0380453099920246,0.2229576075986614,0.8605492330627664,0.7493549607450576,False,1.0,1,BAIXO,True,False,False,1,0.126851694193768,0.0786802030456852,NAO_APROVADO,False,AGUARDAR,0.0,0.0,1.0,False,,False,0.0,1.0,fundamentos não aprovados | queda 60.0% | Falling Score 1 | 1 confirmações | condições insuficientes para entrada,2026-08-21 23:47:42.900089+00:00
ORCL,2026-08-21 00:00:00,146.47000122070312,324.62994384765625,0.5488093319899066,False,145.21342361450195,0.0086533157536248,-0.0269067428700492,-0.0037410082694497,0.2737629701865762,0.5483890051348526,0.6759827608724044,True,1.0,1,BAIXO,True,False,False,1,0.21656050955414,0.2450980392156863,CRESCIMENTO_FORTE,True,AGUARDAR,0.0,0.0,1.0,False,,False,0.0,1.0,fundamentos aprovados | queda 54.9% | Falling Score 1 | 1 confirmações | condições insuficientes para entrada,2026-08-21 23:47:42.900089+00:00
NOW,2026-08-21 00:00:00,128.47999572753906,234.0780029296875,0.4511231550188337,False,108.92080017089845,0.1795726392567072,0.0361289978027343,0.0288276629828525,0.3006681242687661,0.4622079085961671,0.2733414548532964,False,1.0,1,BAIXO,True,False,False,1,0.2401244167962675,-0.8423913043478262,NAO_APROVADO,False,AGUARDAR,0.0,0.0,1.0,False,,False,0.0,1.0,fundamentos não aprovados | queda 45.1% | Falling Score 1 | 1 confirmações | condições insuficientes para entrada,2026-08-21 23:47:42.900089+00:00
DIS,2026-08-21 00:00:00,107.77999877929688,195.76449584960932,0.4494405213185548,False,99.67807739257812,0.0812808753805478,0.0087037933407272,0.0273567345058063,0.1363205114726871,0.4535402760332966,0.562497350909168,False,1.0,1,BAIXO,True,False,False,1,0.067568710359408,-0.482876712328767,NAO_APROVADO,False,AGUARDAR,0.0,0.0,1.0,False,,False,0.0,1.0,fundamentos não aprovados | queda 44.9% | Falling Score 1 | 1 confirmações | condições insuficientes para entrada,2026-08-21 23:47:42.900089+00:00
SOFI,2026-08-21 00:00:00,18.90999984741211,32.209999084472656,0.412915231763295,False,17.67319995880127,0.0699816610174726,0.0338982449890647,0.0288357296433849,0.1488457411428796,0.96201028112636,0.7647055777456339,False,1.0,1,BAIXO,True,False,False,1,0.0111067219698466,0.5,NAO_APROVADO,False,AGUARDAR,0.0,0.0,1.0,False,,False,0.0,1.0,fundamentos não aprovados | queda 41.3% | Falling Score 1 | 1 confirmações | condições insuficientes para entrada,2026-08-21 23:47:42.900089+00:00
NFLX,2026-08-21 00:00:00,79.58999633789062,133.91299438476562,0.4056589003662437,False,74.52039916992187,0.0680296566368225,0.0182957089147948,0.0735095359200006,0.1355400270561051,0.6697559473324303,0.3181805045805277,False,1.0,1,BAIXO,True,False,False,1,0.1336537425289954,-0.8887343532684284,NAO_APROVADO,False,AGUARDAR,0.0,0.0,1.0,False,,False,0.0,1.0,fundamentos não aprovados | queda 40.6% | Falling Score 1 | 1 confirmações | condições insuficientes para entrada,2026-08-21 23:47:42.900089+00:00
QCOM,2026-08-21 00:00:00,160.75,250.0962829589844,0.3572475444332658,False,178.52820007324215,-0.0995820271864532,-0.030399864227236,-0.0423567293250272,-0.0372522080327558,0.7527744750592942,0.3798077981146609,False,1.0,1,BAIXO,True,False,False,1,-0.0403280270139894,-0.2304526748971194,NAO_APROVADO,False,AGUARDAR,0.0,0.0,1.0,False,,False,0.0,1.0,fundamentos não aprovados | queda 35.7% | Falling Score 1 | 1 confirmações | condições insuficientes para entrada,2026-08-21 23:47:42.900089+00:00
F,2026-08-21 00:00:00,14.40999984741211,18.56574058532715,0.2238392117360187,True,14.03410427093506,0.0267844366281031,0.002783574263854,0.0419217171664931,0.0136440289445061,0.7857432647584812,0.6785709420029882,True,1.0,1,BAIXO,True,False,False,1,0.0637989129098108,4.25,NAO_APROVADO,False,AGUARDAR,0.0,0.0,1.0,False,,False,0.0,1.0,fundamentos não aprovados | queda 22.4% | Falling Score 1 | 1 confirmações | condições insuficientes para entrada,2026-08-21 23:47:42.900089+00:00
MCD,2026-08-21 00:00:00,270.95001220703125,336.8805847167969,0.1957090301454773,False,272.5250006103516,-0.0057792437383468,-0.0068906442024708,-0.0128606770548136,0.0233796729607536,0.8287242860703153,0.9024433814334768,False,1.0,1,BAIXO,True,False,False,1,0.037410492474061,0.0573248407643312,NAO_APROVADO,False,AGUARDAR,0.0,0.0,1.0,False,,False,0.0,1.0,fundamentos não aprovados | queda 19.6% | Falling Score 1 | 1 confirmações | condições insuficientes para entrada,2026-08-21 23:47:42.900089+00:00
SHOP,2026-08-21 00:00:00,149.25,179.00999450683594,0.166247670074642,False,126.58220001220702,0.1790757309132484,-0.0328538561663421,-0.0153065066445242,0.3120879120879121,0.446646453703022,0.9519436578407992,False,1.0,1,BAIXO,True,False,False,1,0.3369402985074627,0.681159420289855,CRESCIMENTO_FORTE,True,AGUARDAR,0.0,0.0,1.0,False,,False,0.0,1.0,fundamentos aprovados | queda 16.6% | Falling Score 1 | 1 confirmações | condições insuficientes para entrada,2026-08-21 23:47:42.900089+00:00
GOOGL,2026-08-21 00:00:00,344.82000732421875,402.3796691894531,0.1430481365551634,False,351.76919921875,-0.0197549754497119,-0.0031222509144906,-0.0267569314009954,0.0784387873142162,0.7626045536603278,0.7620688747994002,False,0.0,1,BAIXO,True,False,False,1,0.2423362508814868,2.9437229437229435,CRESCIMENTO_FORTE,True,AGUARDAR,0.0,0.0,1.0,False,,False,0.0,1.0,fundamentos aprovados | queda 14.3% | Falling Score 1 | 1 confirmações | condições insuficientes para entrada,2026-08-21 23:47:42.900089+00:00
MSFT,2026-08-21 00:00:00,483.239990234375,537.6464233398438,0.1011937041587621,False,419.0919610595704,0.1530643274870322,-0.0227095190234506,-0.0316811948862607,0.2684036303938346,0.5921484189321484,0.6015325073176055,False,1.0,1,BAIXO,True,False,False,1,0.1829703422487369,0.2341040462427743,CRESCIMENTO_FORTE,True,AGUARDAR,0.0,0.0,1.0,False,,False,0.0,1.0,fundamentos aprovados | queda 10.1% | Falling Score 1 | 1 confirmações | condições insuficientes para entrada,2026-08-21 23:47:42.900089+00:00
AAPL,2026-08-21 00:00:00,309.3500061035156,339.78692626953125,0.0895764898908204,False,309.99377014160154,-0.0020766999213946,0.0111790720413569,-0.0118507362295106,-0.0702756379989499,0.7957759238517192,0.4357539042076788,False,1.0,1,BAIXO,True,False,False,1,0.1635650176528138,0.286624203821656,CRESCIMENTO_FORTE,True,AGUARDAR,0.0,0.0,1.0,False,,False,0.0,1.0,fundamentos aprovados | queda 9.0% | Falling Score 1 | 1 confirmações | condições insuficientes para entrada,2026-08-21 23:47:42.900089+00:00
AMZN,2026-08-21 00:00:00,258.6300048828125,284.0199890136719,0.0893950606048266,False,249.72879943847656,0.0356434879130904,-0.0153054982185008,-0.057745575157038,0.1142561897493623,0.7392608544333601,0.3943159355997163,False,0.0,1,BAIXO,True,False,False,1,0.1962051734624512,2.422619047619048,CRESCIMENTO_FORTE,True,AGUARDAR,0.0,0.0,1.0,False,,False,0.0,1.0,fundamentos aprovados | queda 8.9% | Falling Score 1 | 1 confirmações | condições insuficientes para entrada,2026-08-21 23:47:42.900089+00:00
SBUX,2026-08-21 00:00:00,107.08000183105467,111.53937530517578,0.0399802622340325,False,103.93103164672851,0.0302986522353576,-0.0056644126336933,0.0200332990758922,0.0430520113612726,0.7193254217087008,0.9183163969625951,False,1.0,1,BAIXO,True,False,False,1,-0.0140968697123519,0.8571428571428572,NAO_APROVADO,False,AGUARDAR,0.0,0.0,1.0,False,,False,0.0,1.0,fundamentos não aprovados | queda 4.0% | Falling Score 1 | 1 confirmações | condições insuficientes para entrada,2026-08-21 23:47:42.900089+00:00
GM,2026-08-21 00:00:00,87.93000030517578,90.3000030517578,0.026245876705271,False,82.14239990234375,0.0704581362330867,0.013368718531604,0.0039963286915232,0.0640125962560205,0.7268608804556534,0.832684686289353,False,1.0,1,BAIXO,True,False,False,1,0.0208309034500455,-0.2617801047120419,NAO_APROVADO,False,AGUARDAR,0.0,0.0,1.0,False,,False,0.0,1.0,fundamentos não aprovados | queda 2.6% | Falling Score 1 | 1 confirmações | condições insuficientes para entrada,2026-08-21 23:47:42.900089+00:00
MA,2026-08-21 00:00:00,580.6300048828125,595.2506713867188,0.0245622007781114,False,537.3802380371094,0.080482615072861,0.0199195968542487,0.0314059726306199,0.0759182332896657,0.7111017025842566,0.821869733320115,False,1.0,1,BAIXO,True,False,False,1,0.140661502520595,0.221130221130221,CRESCIMENTO_FORTE,True,AGUARDAR,0.0,0.0,1.0,False,,False,0.0,1.0,fundamentos aprovados | queda 2.5% | Falling Score 1 | 1 confirmações | condições insuficientes para entrada,2026-08-21 23:47:42.900089+00:00
LLY,2026-08-21 00:00:00,1255.4000244140625,1280.3399658203125,0.019479155593078,False,1178.1056005859375,0.0656090793471164,0.0637540571238486,0.060292159225324,0.0511433219901598,0.6632584132639806,0.6162067556282095,False,1.0,1,BAIXO,True,False,False,1,0.4766964268497271,0.2623211446740858,CRESCIMENTO_FORTE,True,AGUARDAR,0.0,0.0,1.0,False,,False,0.0,1.0,fundamentos aprovados | queda 1.9% | Falling Score 1 | 1 confirmações | condições insuficientes para entrada,2026-08-21 23:47:42.900089+00:00
JNJ,2026-08-21 00:00:00,270.239990234375,273.4100036621094,0.0115943578701385,False,254.82799896240235,0.0604799760415908,0.0379872629114788,0.0424317250978718,0.0259680960379169,0.8822301254363415,0.5698997782512283,False,1.0,1,BAIXO,True,False,False,1,0.065998399528282,-0.0087336244541484,NAO_APROVADO,False,AGUARDAR,0.0,0.0,1.0,False,,False,0.0,1.0,fundamentos não aprovados | queda 1.2% | Falling Score 1 | 1 confirmações | condições insuficientes para entrada,2026-08-21 23:47:42.900089+00:00
V,2026-08-21 00:00:00,371.0400085449219,369.7830505371094,-0.0033991769119401,False,352.2174377441406,0.0534402013748518,0.0189208149496662,0.0254601448975884,0.0449466033156247,0.6532783568717365,0.8522585697504717,False,1.0,1,BAIXO,True,False,False,1,,,SEM_DADOS,False,AGUARDAR,0.0,0.0,1.0,False,,False,0.0,1.0,fundamentos não aprovados | queda -0.3% | Falling Score 1 | 1 confirmações | condições insuficientes para entrada,2026-08-21 23:47:42.900089+00:00
MELI,2026-08-21 00:00:00,1922.72998046875,2613.6298828125,0.264344965936906,True,1789.0851904296876,0.0747000706025433,0.0423673824263031,0.0560447096135914,0.0673294936315322,0.8640718315389225,0.2273297690475401,False,2.0,2,MODERADO,True,True,False,2,0.468873620653758,-0.1086323957322988,NAO_APROVADO,False,AGUARDAR,0.0,0.0,1.0,False,,False,0.0,1.0,fundamentos não aprovados | queda 26.4% | Falling Score 2 | 2 confirmações | condições insuficientes para entrada,2026-08-21 23:47:42.900089+00:00
GE,2026-08-21 00:00:00,348.3699951171875,381.2200012207031,0.0861707308072156,False,359.6316833496094,-0.0313145052391672,-0.0543189356110425,-0.0586629708246565,-0.0151528445499858,0.9853851102647436,0.3596326679172383,False,3.0,2,MODERADO,True,True,False,2,0.2110133357525174,0.1957671957671958,CRESCIMENTO_FORTE,True,AGUARDAR,0.0,0.0,1.0,False,,False,0.0,1.0,fundamentos aprovados | queda 8.6% | Falling Score 2 | 2 confirmações | condições insuficientes para entrada,2026-08-21 23:47:42.900089+00:00
JPM,2026-08-21 00:00:00,351.5799865722656,365.1799926757813,0.0372419255607745,False,343.49903259277346,0.0235254053512061,-0.0310329894148142,-0.0166144624746537,-0.0046148323157495,0.9020198836081474,0.1868640582775232,False,2.0,2,MODERADO,True,True,False,2,0.4668939777910887,0.4694656488549618,CRESCIMENTO_FORTE,True,AGUARDAR,0.0,0.0,1.0,False,,False,0.0,1.0,fundamentos aprovados | queda 3.7% | Falling Score 2 | 2 confirmações | condições insuficientes para entrada,2026-08-21 23:47:42.900089+00:00
PYPL,2026-08-21 00:00:00,61.54999923706055,305.88092041015625,0.7987779062697731,False,52.0234001159668,0.1831214242025272,-0.0017839865492017,0.0419840791442163,0.0961709272384052,0.9905190934247752,0.0737705430622608,False,1.0,2,MODERADO,True,False,False,1,0.0721345141830316,-0.0620155038759689,NAO_APROVADO,False,AGUARDAR,0.0,0.0,1.0,False,,False,0.0,1.0,fundamentos não aprovados | queda 79.9% | Falling Score 2 | 1 confirmações | condições insuficientes para entrada,2026-08-21 23:47:42.900089+00:00
BA,2026-08-21 00:00:00,214.1999969482422,430.2999877929688,0.502207754996961,False,221.8701995849609,-0.0345706753366019,-0.0754089927862092,-0.0862554448367953,0.0223367343468328,1.05081747271997,0.3908340496588371,False,0.0,2,MODERADO,True,False,False,1,0.0796078948525209,,NAO_APROVADO,False,AGUARDAR,0.0,0.0,1.0,False,,False,0.0,1.0,fundamentos não aprovados | queda 50.2% | Falling Score 2 | 1 confirmações | condições insuficientes para entrada,2026-08-21 23:47:42.900089+00:00
META,2026-08-21 00:00:00,549.9000244140625,787.419189453125,0.3016425916721985,False,592.970166015625,-0.0726345844529849,-0.0677290036880818,-0.0712716651104642,-0.076093311113374,0.7641432573925016,0.6266888404633559,False,0.0,2,MODERADO,True,False,False,1,0.2795900328310463,-0.134453781512605,NAO_APROVADO,False,AGUARDAR,0.0,0.0,1.0,False,,False,0.0,1.0,fundamentos não aprovados | queda 30.2% | Falling Score 2 | 1 confirmações | condições insuficientes para entrada,2026-08-21 23:47:42.900089+00:00
AMD,2026-08-21 00:00:00,473.25,580.9099731445312,0.1853298757495169,False,510.2342010498047,-0.0724847549884148,-0.0799782528371101,-0.0209160577167123,-0.093303977522879,0.5220925748678074,0.7323950727272363,False,1.0,2,MODERADO,True,False,False,1,0.5011060507482108,1.5555555555555554,CRESCIMENTO_FORTE,True,AGUARDAR,0.0,0.0,1.0,False,,False,0.0,1.0,fundamentos aprovados | queda 18.5% | Falling Score 2 | 1 confirmações | condições insuficientes para entrada,2026-08-21 23:47:42.900089+00:00
NVDA,2026-08-21 00:00:00,214.72000122070312,235.465576171875,0.0881044919110762,False,207.57699920654292,0.0344113367158407,-0.0463670379801256,-0.0412573906776541,0.0380971041497208,0.7802980167218927,0.0518870131318983,False,0.0,2,MODERADO,True,False,False,1,0.8522763378875222,2.144736842105264,CRESCIMENTO_FORTE,True,AGUARDAR,0.0,0.0,1.0,False,,False,0.0,1.0,fundamentos aprovados | queda 8.8% | Falling Score 2 | 1 confirmações | condições insuficientes para entrada,2026-08-21 23:47:42.900089+00:00
CVX,2026-08-21 00:00:00,205.2700042724609,207.42337036132807,0.010381501781193,False,184.16918182373047,0.1145730368120232,0.0353071437680168,0.1098919304190537,0.0629982887818174,0.6837349636205646,0.0939753166612536,False,1.0,2,MODERADO,True,False,False,1,0.5143436619718309,3.2137931034482765,CRESCIMENTO_FORTE,True,AGUARDAR,0.0,0.0,1.0,False,,False,0.0,1.0,fundamentos aprovados | queda 1.0% | Falling Score 2 | 1 confirmações | condições insuficientes para entrada,2026-08-21 23:47:42.900089+00:00
AVGO,2026-08-21 00:00:00,368.4500122070313,480.8090515136719,0.2336874460930269,True,388.4287677001953,-0.0514347987443206,-0.0624442826462535,-0.1386525065563992,-0.0352691682737696,0.9614731851218404,0.337638723050907,False,1.0,3,ALTO,True,False,False,1,0.4787390029325513,0.8543689320388348,CRESCIMENTO_FORTE,True,AGUARDAR,0.0,0.0,1.0,False,,False,0.0,1.0,fundamentos aprovados | queda 23.4% | Falling Score 3 | 1 confirmações | condições insuficientes para entrada,2026-08-21 23:47:42.900089+00:00
INTC,2026-08-21 00:00:00,90.06999969482422,140.94000244140625,0.3609337439009233,False,108.1813996887207,-0.1674169501042685,-0.1212682956602515,-0.1139203311089627,-0.0243717505138395,0.7635514840832699,0.106030461985717,False,1.0,6,ALTO,False,False,False,0,0.2542188350571583,,NAO_APROVADO,False,AGUARDAR,0.0,0.0,1.0,False,,False,0.0,1.0,fundamentos não aprovados | queda 36.1% | Falling Score 6 | 0 confirmações | condições insuficientes para entrada,2026-08-21 23:47:42.900089+00:00
UBER,2026-08-24 00:00:00,79.29000091552734,100.0999984741211,0.2078920866714475,True,73.1102001953125,0.0845272028212975,0.0573410211261695,0.016147663154453,0.1629510202496753,0.5900915685045871,0.8580794355769276,False,1.0,1,BAIXO,True,False,False,1,0.1217295075488102,0.857142857142857,CRESCIMENTO_FORTE,True,ENTRADA_FORTE,1.0,0.0,0.0,False,,False,1.0,0.0,fundamentos aprovados | queda 20.8% | Falling Score 1 | 1 confirmações | queda estabilizada,2026-08-24 23:45:59.758535+00:00
MU,2026-08-24 00:00:00,910.4299926757812,1213.3734130859375,0.2496703958921343,True,962.8355541992188,-0.0544283614111267,-0.1001433232757289,0.0574099798789562,0.0113641194512639,0.7595865230963145,0.4672944492969309,False,1.0,2,MODERADO,True,False,False,1,3.457155144608107,13.68452380952381,CRESCIMENTO_FORTE,True,ENTRADA_PARCIAL,0.6,0.4,0.4,True,CROSS_SMA50,False,0.6,0.4,fundamentos aprovados | queda 25.0% | Falling Score 2 | 1 confirmações | entrada escalonada por risco,2026-08-24 23:45:59.758535+00:00
COST,2026-08-24 00:00:00,971.4000244140624,1092.5828857421875,0.1109141127044159,False,947.29703125,0.0254439656928486,0.0187729673980729,0.0195749403453817,0.0208285241054484,1.1800758174487294,0.8660879119137731,False,2.0,0,BAIXO,True,True,False,2,0.1158452654062178,0.1518691588785046,CRESCIMENTO_FORTE,True,AGUARDAR,0.0,0.0,1.0,False,,False,0.0,1.0,fundamentos aprovados | queda 11.1% | Falling Score 0 | 2 confirmações | condições insuficientes para entrada,2026-08-24 23:45:59.758535+00:00
V,2026-08-24 00:00:00,382.4100036621094,371.0400085449219,-0.030643582512237,False,353.49647033691406,0.0817929901750875,0.0656838913297301,0.0603354437127785,0.0567964777979574,1.1483974669693866,0.9094628585117271,False,2.0,0,BAIXO,True,True,False,2,,,SEM_DADOS,False,AGUARDAR,0.0,0.0,1.0,False,,False,0.0,1.0,fundamentos não aprovados | queda -3.1% | Falling Score 0 | 2 confirmações | condições insuficientes para entrada,2026-08-24 23:45:59.758535+00:00
DIS,2026-08-24 00:00:00,110.61000061035156,195.76449584960935,0.4349843666477468,False,99.89873748779296,0.1072212061125141,0.0686956580710296,0.0720100822174845,0.144438684573996,1.1299070792625368,0.6675456908022538,False,1.0,0,BAIXO,True,False,False,1,0.067568710359408,-0.482876712328767,NAO_APROVADO,False,AGUARDAR,0.0,0.0,1.0,False,,False,0.0,1.0,fundamentos não aprovados | queda 43.5% | Falling Score 0 | 1 confirmações | condições insuficientes para entrada,2026-08-24 23:45:59.758535+00:00
UNH,2026-08-24 00:00:00,398.760009765625,599.7755737304688,0.335151301201835,False,413.6101983642578,-0.0359038260114529,0.0079369462797433,-0.0244164522855406,-0.0452064079604666,1.074246122876663,0.9060195872682756,False,1.0,0,BAIXO,True,False,False,1,0.0037270642201834,0.6149732620320856,NAO_APROVADO,False,AGUARDAR,0.0,0.0,1.0,False,,False,0.0,1.0,fundamentos não aprovados | queda 33.5% | Falling Score 0 | 1 confirmações | condições insuficientes para entrada,2026-08-24 23:45:59.758535+00:00
MA,2026-08-24 00:00:00,599.8599853515625,595.250732421875,-0.0077433805262767,False,539.6635211181641,0.1115444381133514,0.0668729323318064,0.0651490732013313,0.087274041545855,1.014456429350361,0.9917581779769228,False,1.0,0,BAIXO,True,False,False,1,0.140661502520595,0.221130221130221,CRESCIMENTO_FORTE,True,AGUARDAR,0.0,0.0,1.0,False,,False,0.0,1.0,fundamentos aprovados | queda -0.8% | Falling Score 0 | 1 confirmações | condições insuficientes para entrada,2026-08-24 23:45:59.758535+00:00
HOOD,2026-08-24 00:00:00,103.62000274658205,152.4600067138672,0.320346332261068,False,100.53740020751952,0.0306612517600384,0.0765714571073457,0.0962759884332176,0.0833246324470446,1.121680611085017,0.0802010539653726,False,2.0,1,BAIXO,True,True,False,2,0.3225480283114257,0.4761904761904763,CRESCIMENTO_FORTE,True,AGUARDAR,0.0,0.0,1.0,False,,False,0.0,1.0,fundamentos aprovados | queda 32.0% | Falling Score 1 | 2 confirmações | condições insuficientes para entrada,2026-08-24 23:45:59.758535+00:00
MELI,2026-08-24 00:00:00,1947.9000244140625,2613.6298828125,0.2547146643739979,True,1795.8431909179687,0.0846715538779128,0.0896916388966149,0.0677286366075915,0.0704276626701934,0.9383368547835584,0.4073719024914378,False,2.0,1,BAIXO,True,True,False,2,0.468873620653758,-0.1086323957322988,NAO_APROVADO,False,AGUARDAR,0.0,0.0,1.0,False,,False,0.0,1.0,fundamentos não aprovados | queda 25.5% | Falling Score 1 | 2 confirmações | condições insuficientes para entrada,2026-08-24 23:45:59.758535+00:00
WMT,2026-08-24 00:00:00,106.48999786376952,133.87948608398438,0.2045831592379512,True,113.05620498657228,-0.0580791396950093,-0.0663435960334113,-0.0525036987558128,-0.0447025345140505,1.2736285648199317,0.9595362976726682,False,3.0,1,BAIXO,True,True,False,2,0.0713680243442838,0.1964285714285714,NAO_APROVADO,False,AGUARDAR,0.0,0.0,1.0,False,,False,0.0,1.0,fundamentos não aprovados | queda 20.5% | Falling Score 1 | 2 confirmações | condições insuficientes para entrada,2026-08-24 23:45:59.758535+00:00
GM,2026-08-24 00:00:00,86.9800033569336,90.3000030517578,0.0367663298186299,False,82.265,0.0573148162272363,0.0309351727555478,-0.0111413794649761,-0.000689310178799,0.831947351628432,0.4960324068047024,False,3.0,1,BAIXO,True,True,False,2,0.0208309034500455,-0.2617801047120419,NAO_APROVADO,False,AGUARDAR,0.0,0.0,1.0,False,,False,0.0,1.0,fundamentos não aprovados | queda 3.7% | Falling Score 1 | 2 confirmações | condições insuficientes para entrada,2026-08-24 23:45:59.758535+00:00
PYPL,2026-08-24 00:00:00,61.68000030517578,305.88092041015625,0.7983529007874406,False,52.43220008850098,0.1763763527196136,0.0200099067313792,0.0441848759748724,0.1000535159779822,0.7308247934470409,0.2957737398050741,False,1.0,1,BAIXO,True,False,False,1,0.0721345141830316,-0.0620155038759689,NAO_APROVADO,False,AGUARDAR,0.0,0.0,1.0,False,,False,0.0,1.0,fundamentos não aprovados | queda 79.8% | Falling Score 1 | 1 confirmações | condições insuficientes para entrada,2026-08-24 23:45:59.758535+00:00
ADBE,2026-08-24 00:00:00,276.2699890136719,688.3699951171875,0.5986606171487182,False,233.89719818115236,0.1811598905930544,0.0875058900765313,0.01212631030998,0.162018881235213,0.686230380992801,0.5256283805281579,False,1.0,1,BAIXO,True,False,False,1,0.126851694193768,0.0786802030456852,NAO_APROVADO,False,AGUARDAR,0.0,0.0,1.0,False,,False,0.0,1.0,fundamentos não aprovados | queda 59.9% | Falling Score 1 | 1 confirmações | condições insuficientes para entrada,2026-08-24 23:45:59.758535+00:00
ORCL,2026-08-24 00:00:00,142.4499969482422,324.62994384765625,0.5611926760056005,False,144.3931886291504,-0.013457640899523,-0.0286395985205892,-0.0569348290616638,0.1880733539231536,0.4855006568793195,0.3082907391814807,False,1.0,1,BAIXO,True,False,False,1,0.21656050955414,0.2450980392156863,CRESCIMENTO_FORTE,True,AGUARDAR,0.0,0.0,1.0,False,,False,0.0,1.0,fundamentos aprovados | queda 56.1% | Falling Score 1 | 1 confirmações | condições insuficientes para entrada,2026-08-24 23:45:59.758535+00:00
PFE,2026-08-24 00:00:00,27.96999931335449,47.42331314086914,0.4102057097893882,False,25.15927047729492,0.1117174219576884,0.0409377908360526,0.0340110943527671,0.1337656759973666,0.5797000888007131,0.4544102351901763,False,1.0,1,BAIXO,True,False,False,1,0.0260015013990309,,NAO_APROVADO,False,AGUARDAR,0.0,0.0,1.0,False,,False,0.0,1.0,fundamentos não aprovados | queda 41.0% | Falling Score 1 | 1 confirmações | condições insuficientes para entrada,2026-08-24 23:45:59.758535+00:00
NFLX,2026-08-24 00:00:00,80.01000213623047,133.91299438476562,0.4025224922807591,False,74.49519927978515,0.0740289697827789,0.0524862624224804,0.0487613209602937,0.1365056875292671,0.6221226574253721,0.618725620165759,False,1.0,1,BAIXO,True,False,False,1,0.1336537425289954,-0.8887343532684284,NAO_APROVADO,False,AGUARDAR,0.0,0.0,1.0,False,,False,0.0,1.0,fundamentos não aprovados | queda 40.3% | Falling Score 1 | 1 confirmações | condições insuficientes para entrada,2026-08-24 23:45:59.758535+00:00
META,2026-08-24 00:00:00,559.02001953125,787.419189453125,0.2900604569727362,True,592.7924938964844,-0.0569718319866781,-0.0174876560876824,-0.0603441881432444,-0.0586828360962412,0.7416476738137812,0.8412722120407224,False,1.0,1,BAIXO,True,False,False,1,0.2795900328310463,-0.134453781512605,NAO_APROVADO,False,AGUARDAR,0.0,0.0,1.0,False,,False,0.0,1.0,fundamentos não aprovados | queda 29.0% | Falling Score 1 | 1 confirmações | condições insuficientes para entrada,2026-08-24 23:45:59.758535+00:00
F,2026-08-24 00:00:00,13.93000030517578,18.56574058532715,0.249693259412182,True,14.02165641784668,-0.0065367535717277,-0.0085409170056961,0.0057761676175178,-0.0408129144867702,1.1031105474859015,0.241936451438741,False,0.0,1,BAIXO,True,False,False,1,0.0637989129098108,4.25,NAO_APROVADO,False,AGUARDAR,0.0,0.0,1.0,False,,False,0.0,1.0,fundamentos não aprovados | queda 25.0% | Falling Score 1 | 1 confirmações | condições insuficientes para entrada,2026-08-24 23:45:59.758535+00:00
MCD,2026-08-24 00:00:00,272.5400085449219,336.8805847167969,0.1909892676835732,False,272.2804010009765,0.0009534565947124,0.0264000670276489,-0.0043109479413958,0.0069087635290887,0.9021196536940906,0.6813217523502912,True,1.0,1,BAIXO,True,False,False,1,0.037410492474061,0.0573248407643312,NAO_APROVADO,False,AGUARDAR,0.0,0.0,1.0,False,,False,0.0,1.0,fundamentos não aprovados | queda 19.1% | Falling Score 1 | 1 confirmações | condições insuficientes para entrada,2026-08-24 23:45:59.758535+00:00
SHOP,2026-08-24 00:00:00,149.8000030517578,179.00999450683594,0.1631751988795389,False,127.36880004882812,0.1761122268116717,0.0077363552135378,-0.0346693509340723,0.1806431769742367,0.4874171951050108,0.621117776956394,False,1.0,1,BAIXO,True,False,False,1,0.3369402985074627,0.681159420289855,CRESCIMENTO_FORTE,True,AGUARDAR,0.0,0.0,1.0,False,,False,0.0,1.0,fundamentos aprovados | queda 16.3% | Falling Score 1 | 1 confirmações | condições insuficientes para entrada,2026-08-24 23:45:59.758535+00:00
GOOGL,2026-08-24 00:00:00,348.0599975585937,402.3796691894531,0.1349960641408151,False,351.57499938964844,-0.0099978719680208,0.0118023184842841,-0.0264600350911187,0.0658378250879987,0.984315763550027,0.6109883329029575,False,1.0,1,BAIXO,True,False,False,1,0.2423362508814868,2.9437229437229435,CRESCIMENTO_FORTE,True,AGUARDAR,0.0,0.0,1.0,False,,False,0.0,1.0,fundamentos aprovados | queda 13.5% | Falling Score 1 | 1 confirmações | condições insuficientes para entrada,2026-08-24 23:45:59.758535+00:00
MSFT,2026-08-24 00:00:00,487.30999755859375,537.6464233398438,0.0936236597066183,False,421.046029663086,0.1573793913898942,0.016399187958856,-0.0352381935177026,0.2547606205591168,0.4571303807730761,0.6232128337468636,False,1.0,1,BAIXO,True,False,False,1,0.1829703422487369,0.2341040462427743,CRESCIMENTO_FORTE,True,AGUARDAR,0.0,0.0,1.0,False,,False,0.0,1.0,fundamentos aprovados | queda 9.4% | Falling Score 1 | 1 confirmações | condições insuficientes para entrada,2026-08-24 23:45:59.758535+00:00
AMZN,2026-08-24 00:00:00,262.07000732421875,284.0199890136719,0.0772832284293782,False,250.1399996948242,0.0476933223153008,0.0029084603448996,-0.0576072107038576,0.1325900342084656,0.5831542417797467,0.7072612921669525,False,0.0,1,BAIXO,True,False,False,1,0.1962051734624512,2.422619047619048,CRESCIMENTO_FORTE,True,AGUARDAR,0.0,0.0,1.0,False,,False,0.0,1.0,fundamentos aprovados | queda 7.7% | Falling Score 1 | 1 confirmações | condições insuficientes para entrada,2026-08-24 23:45:59.758535+00:00
SBUX,2026-08-24 00:00:00,107.48999786376952,111.53936004638672,0.0363043340120756,False,104.04691543579102,0.0330916338418825,-0.0039844358086684,0.0330384049671734,0.0430050571453275,0.8842478093068353,0.8537713271890396,False,1.0,1,BAIXO,True,False,False,1,-0.0140968697123519,0.8571428571428572,NAO_APROVADO,False,AGUARDAR,0.0,0.0,1.0,False,,False,0.0,1.0,fundamentos não aprovados | queda 3.6% | Falling Score 1 | 1 confirmações | condições insuficientes para entrada,2026-08-24 23:45:59.758535+00:00
XOM,2026-08-24 00:00:00,164.0500030517578,169.21827697753906,0.030542055019667,False,148.48040008544922,0.1048596512223054,0.0160411013885346,0.0333077805968229,0.0668233352041209,0.7241384067005363,0.6060613844905005,False,0.0,1,BAIXO,True,False,False,1,,,SEM_DADOS,False,AGUARDAR,0.0,0.0,1.0,False,,False,0.0,1.0,fundamentos não aprovados | queda 3.1% | Falling Score 1 | 1 confirmações | condições insuficientes para entrada,2026-08-24 23:45:59.758535+00:00
LLY,2026-08-24 00:00:00,1246.9300537109375,1280.3399658203125,0.0260945631639087,False,1179.858427734375,0.056847181322726,0.0538980507192869,0.0136183069578692,0.0427437248676212,0.5821053940586013,0.5119543759596402,False,1.0,1,BAIXO,True,False,False,1,0.4766964268497271,0.2623211446740858,CRESCIMENTO_FORTE,True,AGUARDAR,0.0,0.0,1.0,False,,False,0.0,1.0,fundamentos aprovados | queda 2.6% | Falling Score 1 | 1 confirmações | condições insuficientes para entrada,2026-08-24 23:45:59.758535+00:00
JPM,2026-08-24 00:00:00,356.3900146484375,365.1799926757813,0.0240702617986735,False,344.3851513671875,0.034858829521515,-0.0126606186691727,-0.0094499397307745,0.0005334150333937,0.6817700764287542,0.6541655265612,False,1.0,1,BAIXO,True,False,False,1,0.4668939777910887,0.4694656488549618,CRESCIMENTO_FORTE,True,AGUARDAR,0.0,0.0,1.0,False,,False,0.0,1.0,fundamentos aprovados | queda 2.4% | Falling Score 1 | 1 confirmações | condições insuficientes para entrada,2026-08-24 23:45:59.758535+00:00
CVX,2026-08-24 00:00:00,203.08999633789065,207.42337036132807,0.0208914454330234,False,184.54673461914064,0.100480031559587,0.0106679842848667,0.0510614731342831,0.0782231300415234,0.6854146646654359,0.3739355586101962,False,1.0,1,BAIXO,True,False,False,1,0.5143436619718309,3.2137931034482765,CRESCIMENTO_FORTE,True,AGUARDAR,0.0,0.0,1.0,False,,False,0.0,1.0,fundamentos aprovados | queda 2.1% | Falling Score 1 | 1 confirmações | condições insuficientes para entrada,2026-08-24 23:45:59.758535+00:00
JNJ,2026-08-24 00:00:00,273.0400085449219,273.4100036621094,0.001353261081276,False,255.52219909667969,0.0685568984228024,0.040667811206722,0.0428937439022543,0.0266591314625372,0.7740976487517128,0.8262473558031307,False,1.0,1,BAIXO,True,False,False,1,0.065998399528282,-0.0087336244541484,NAO_APROVADO,False,AGUARDAR,0.0,0.0,1.0,False,,False,0.0,1.0,fundamentos não aprovados | queda 0.1% | Falling Score 1 | 1 confirmações | condições insuficientes para entrada,2026-08-24 23:45:59.758535+00:00
NKE,2026-08-24 00:00:00,40.75,163.68594360351562,0.7510476519675646,False,42.38939987182617,-0.0386747601235983,0.0424660997936121,-0.032296380684859,-0.032985273131966,0.7818563383782854,0.1127829468926035,False,2.0,2,MODERADO,True,True,False,2,0.0008873901854644,-0.3518518518518519,NAO_APROVADO,False,AGUARDAR,0.0,0.0,1.0,False,,False,0.0,1.0,fundamentos não aprovados | queda 75.1% | Falling Score 2 | 2 confirmações | condições insuficientes para entrada,2026-08-24 23:45:59.758535+00:00
CRM,2026-08-24 00:00:00,209.05999755859372,363.21917724609375,0.4244246706804573,False,175.44720001220702,0.1915835507437455,0.0947269006768456,0.0584780688217683,0.2042626164075924,0.6589835605390417,0.2449355225776356,False,2.0,2,MODERADO,True,True,False,2,0.1326686336351612,0.5220125786163521,CRESCIMENTO_FORTE,True,AGUARDAR,0.0,0.0,1.0,False,,False,0.0,1.0,fundamentos aprovados | queda 42.4% | Falling Score 2 | 2 confirmações | condições insuficientes para entrada,2026-08-24 23:45:59.758535+00:00
AAPL,2026-08-24 00:00:00,310.3399963378906,339.78692626953125,0.0866629280147237,False,310.2930651855469,0.0001512478286154,0.0155437025325526,0.0067475069953026,-0.0780693892507892,0.6485053273076425,0.1091436133341735,True,2.0,2,MODERADO,True,True,False,2,0.1635650176528138,0.286624203821656,CRESCIMENTO_FORTE,True,AGUARDAR,0.0,0.0,1.0,False,,False,0.0,1.0,fundamentos aprovados | queda 8.7% | Falling Score 2 | 2 confirmações | condições insuficientes para entrada,2026-08-24 23:45:59.758535+00:00
BA,2026-08-24 00:00:00,210.4600067138672,430.2999877929688,0.5108993430529069,False,221.64679962158203,-0.0504712584472867,-0.0685549477476791,-0.0959233094904505,-0.0049172259391622,1.166126924860106,0.3817808096755936,False,0.0,2,MODERADO,True,False,False,1,0.0796078948525209,,NAO_APROVADO,False,AGUARDAR,0.0,0.0,1.0,False,,False,0.0,1.0,fundamentos não aprovados | queda 51.1% | Falling Score 2 | 1 confirmações | condições insuficientes para entrada,2026-08-24 23:45:59.758535+00:00
NOW,2026-08-24 00:00:00,128.0500030517578,234.0780029296875,0.4529601182122971,False,109.4202001953125,0.1702592649546568,0.0879354831934871,0.0047865709248713,0.2130542441579768,0.4149853261575444,0.1732297655306648,False,1.0,2,MODERADO,True,False,False,1,0.2401244167962675,-0.8423913043478262,NAO_APROVADO,False,AGUARDAR,0.0,0.0,1.0,False,,False,0.0,1.0,fundamentos não aprovados | queda 45.3% | Falling Score 2 | 1 confirmações | condições insuficientes para entrada,2026-08-24 23:45:59.758535+00:00
SOFI,2026-08-24 00:00:00,18.239999771118164,32.209999084472656,0.4337162282034634,False,17.704599952697755,0.0302407182229964,-0.003823030959363,0.0066224573028133,0.0805687605431018,0.5332451419574056,0.0371465171774655,False,1.0,2,MODERADO,True,False,False,1,0.0111067219698466,0.5,NAO_APROVADO,False,AGUARDAR,0.0,0.0,1.0,False,,False,0.0,1.0,fundamentos não aprovados | queda 43.4% | Falling Score 2 | 1 confirmações | condições insuficientes para entrada,2026-08-24 23:45:59.758535+00:00
NVDA,2026-08-24 00:00:00,208.47999572753903,235.465576171875,0.1146052042216063,False,207.64919921875,0.0040009617755079,-0.0734633979949485,-0.0416915982394212,0.0609129385543121,1.153054325568044,0.1350365505489079,False,0.0,2,MODERADO,True,False,False,1,0.8522763378875222,2.1447368421052637,CRESCIMENTO_FORTE,True,AGUARDAR,0.0,0.0,1.0,False,,False,0.0,1.0,fundamentos aprovados | queda 11.5% | Falling Score 2 | 1 confirmações | condições insuficientes para entrada,2026-08-24 23:45:59.758535+00:00
QCOM,2026-08-24 00:00:00,158.52999877929688,250.0962829589844,0.3661241306601278,False,177.6395999145508,-0.1075751191989067,-0.0225058210711673,-0.0224455782866591,-0.0676899256721778,0.9341134701286684,0.5740953987998191,False,0.0,2,MODERADO,False,False,False,0,-0.0403280270139894,-0.2304526748971194,NAO_APROVADO,False,AGUARDAR,0.0,0.0,1.0,False,,False,0.0,1.0,fundamentos não aprovados | queda 36.6% | Falling Score 2 | 0 confirmações | condições insuficientes para entrada,2026-08-24 23:45:59.758535+00:00
GE,2026-08-24 00:00:00,341.8399963378906,381.2200012207031,0.1032999442755204,False,359.82156860351563,-0.0499735808929195,-0.0746826107378458,-0.0677938779426742,-0.0546721324480329,0.733537500568535,0.163520853726416,False,2.0,3,ALTO,True,True,False,2,0.2110133357525174,0.1957671957671958,CRESCIMENTO_FORTE,True,AGUARDAR,0.0,0.0,1.0,False,,False,0.0,1.0,fundamentos aprovados | queda 10.3% | Falling Score 3 | 2 confirmações | condições insuficientes para entrada,2026-08-24 23:45:59.758535+00:00
CAT,2026-08-24 00:00:00,811.02001953125,1062.92822265625,0.2369945568812569,True,902.9595764160156,-0.1018202356850654,-0.0801111585402072,-0.031710400220478,-0.0712944389851144,0.7994708198331657,0.3040053647336955,False,0.0,3,ALTO,False,False,False,0,0.2398454945983463,0.6818181818181817,CRESCIMENTO_FORTE,True,AGUARDAR,0.0,0.0,1.0,False,,False,0.0,1.0,fundamentos aprovados | queda 23.7% | Falling Score 3 | 0 confirmações | condições insuficientes para entrada,2026-08-24 23:45:59.758535+00:00
AMD,2026-08-24 00:00:00,456.7449951171875,580.9099731445312,0.2137422040720435,True,509.6001007080078,-0.1037187895320008,-0.0973419068830286,-0.0272915122839166,-0.0771896477373215,0.622383364373885,0.3281247188463794,False,0.0,3,ALTO,False,False,False,0,0.5011060507482108,1.5555555555555554,CRESCIMENTO_FORTE,True,AGUARDAR,0.0,0.0,1.0,False,,False,0.0,1.0,fundamentos aprovados | queda 21.4% | Falling Score 3 | 0 confirmações | condições insuficientes para entrada,2026-08-24 23:45:59.758535+00:00
AVGO,2026-08-24 00:00:00,358.760009765625,480.8090515136719,0.2538409819112492,True,387.9047534179688,-0.0751337625938813,-0.0857986992293267,-0.15066284339591,-0.0638275439099307,0.934981948335514,0.0067501060495611,False,0.0,4,ALTO,True,False,False,1,0.4787390029325513,0.8543689320388348,CRESCIMENTO_FORTE,True,AGUARDAR,0.0,0.0,1.0,False,,False,0.0,1.0,fundamentos aprovados | queda 25.4% | Falling Score 4 | 1 confirmações | condições insuficientes para entrada,2026-08-24 23:45:59.758535+00:00
INTC,2026-08-24 00:00:00,87.26000213623047,140.94000244140625,0.3808712883164058,False,107.58739974975586,-0.1889384599014952,-0.1568267084989569,-0.1052091351519279,-0.0481072992342308,0.8425041091843384,0.5623343087614492,False,1.0,5,ALTO,False,False,False,0,0.2542188350571583,,NAO_APROVADO,False,AGUARDAR,0.0,0.0,1.0,False,,False,0.0,1.0,fundamentos não aprovados | queda 38.1% | Falling Score 5 | 0 confirmações | condições insuficientes para entrada,2026-08-24 23:45:59.758535+00:00
HOOD,2026-08-25 00:00:00,112.08999633789062,152.4600067138672,0.26479082118723707,True,100.91540008544922,0.11073231878364864,0.2246257820692139,0.18764568340598564,0.20838716856939565,1.2317292392487376,0.9626942136737812,False,3.0,0,BAIXO,True,True,False,2,0.3225480283114257,0.4761904761904763,CRESCIMENTO_FORTE,True,ENTRADA_FORTE,1.0,0.0,0.0,False,,False,1.0,0.0,fundamentos aprovados | queda 26.5% | Falling Score 0 | 2 confirmações | queda estabilizada,2026-08-25 23:48:22.368540+00:00
MU,2026-08-25 00:00:00,932.969970703125,1213.3734130859375,0.23109410455077517,True,961.8657727050781,-0.0300414078782415,-0.00828058057489156,0.07420663856045517,0.1370333045612011,0.49518109706489766,0.549783706638163,False,1.0,1,BAIXO,True,False,False,1,3.457155144608107,13.68452380952381,CRESCIMENTO_FORTE,True,ENTRADA_FORTE,1.0,0.0,0.0,False,,False,1.0,0.0,fundamentos aprovados | queda 23.1% | Falling Score 1 | 1 confirmações | queda estabilizada,2026-08-25 23:48:22.368540+00:00
CAT,2026-08-25 00:00:00,811.2899780273438,1062.92822265625,0.2367405806575199,True,901.0076977539062,-0.09957486484323819,-0.03517787203921019,-0.03803789235516519,-0.03515490089417572,0.5204779953506009,0.2208706944530332,False,0.0,2,MODERADO,True,False,False,1,0.23984549459834636,0.6818181818181817,CRESCIMENTO_FORTE,True,ENTRADA_PARCIAL,0.6,0.4,0.4,True,CROSS_SMA50,False,0.6,0.4,fundamentos aprovados | queda 23.7% | Falling Score 2 | 1 confirmações | entrada escalonada por risco,2026-08-25 23:48:22.368540+00:00
NKE,2026-08-25 00:00:00,39.47999954223633,163.68594360351562,0.7588064150586697,False,42.280399856567385,-0.0662340073374702,-0.014478327787611822,-0.04453049772936879,-0.08292682364906767,1.7151084698605572,0.5389211982219461,False,2.0,0,BAIXO,True,True,True,3,0.000887390185464465,-0.35185185185185197,NAO_APROVADO,False,AGUARDAR,0.0,0.0,1.0,False,,False,0.0,1.0,fundamentos não aprovados | queda 75.9% | Falling Score 0 | 3 confirmações | condições insuficientes para entrada,2026-08-25 23:48:22.368540+00:00
QCOM,2026-08-25 00:00:00,160.55999755859375,250.09628295898438,0.35800726160762064,False,176.6163998413086,-0.09091116282033651,0.002309726646785082,-0.013031689283467207,-0.01424365947120354,1.024980643354308,0.5461256066936183,False,2.0,0,BAIXO,True,True,False,2,-0.04032802701398941,-0.2304526748971194,NAO_APROVADO,False,AGUARDAR,0.0,0.0,1.0,False,,False,0.0,1.0,fundamentos não aprovados | queda 35.8% | Falling Score 0 | 2 confirmações | condições insuficientes para entrada,2026-08-25 23:48:22.368540+00:00
NVDA,2026-08-25 00:00:00,213.0500030517578,235.465576171875,0.09519681596156215,False,207.80639923095703,0.025233120058892,-0.03044508179742611,-0.02045975608387207,0.08141723258799094,1.0416740671575957,0.6364888658383903,False,0.0,0,BAIXO,True,False,False,1,0.8522763378875222,2.1447368421052633,CRESCIMENTO_FORTE,True,AGUARDAR,0.0,0.0,1.0,False,,False,0.0,1.0,fundamentos aprovados | queda 9.5% | Falling Score 0 | 1 confirmações | condições insuficientes para entrada,2026-08-25 23:48:22.368540+00:00
MA,2026-08-25 00:00:00,599.3699951171875,599.8599853515625,0.0008168410068023491,False,541.8677203369141,0.10611865704884682,0.04363496659491295,0.06755840786342926,0.06507329207852064,1.082122513983342,0.6895382070582816,False,1.0,0,BAIXO,True,False,False,1,0.14066150252059506,0.22113022113022107,CRESCIMENTO_FORTE,True,AGUARDAR,0.0,0.0,1.0,False,,False,0.0,1.0,fundamentos aprovados | queda 0.1% | Falling Score 0 | 1 confirmações | condições insuficientes para entrada,2026-08-25 23:48:22.368540+00:00
META,2026-08-25 00:00:00,570.0499877929688,787.4192504882812,0.27605276675738,True,592.86439453125,-0.03848166115005025,0.04852209191613932,-0.04852117699482339,-0.0393656770340004,0.5569833465140002,0.9202119370422316,False,3.0,1,BAIXO,True,True,False,2,0.27959003283104633,-0.134453781512605,NAO_APROVADO,False,AGUARDAR,0.0,0.0,1.0,False,,False,0.0,1.0,fundamentos não aprovados | queda 27.6% | Falling Score 1 | 2 confirmações | condições insuficientes para entrada,2026-08-25 23:48:22.368540+00:00
F,2026-08-25 00:00:00,13.949999809265137,18.56574249267578,0.24861611030270203,True,14.007036418914796,-0.0040719969552329704,0.0014357145478256506,-0.002145903716273878,-0.05741423611950158,0.6968915167181887,0.6499980926586432,False,2.0,1,BAIXO,True,True,False,2,0.06379891290981088,4.25,NAO_APROVADO,False,AGUARDAR,0.0,0.0,1.0,False,,False,0.0,1.0,fundamentos não aprovados | queda 24.9% | Falling Score 1 | 2 confirmações | condições insuficientes para entrada,2026-08-25 23:48:22.368540+00:00
JPM,2026-08-25 00:00:00,356.69000244140625,365.17999267578125,0.02324878253095508,False,345.13331787109377,0.03348469699071144,-0.018059181166121818,-0.01477738917590321,-0.0017351742784242896,0.6874851019029836,0.8860665789316264,False,2.0,1,BAIXO,True,True,False,2,0.46689397779108877,0.4694656488549618,CRESCIMENTO_FORTE,True,AGUARDAR,0.0,0.0,1.0,False,,False,0.0,1.0,fundamentos aprovados | queda 2.3% | Falling Score 1 | 2 confirmações | condições insuficientes para entrada,2026-08-25 23:48:22.368540+00:00
V,2026-08-25 00:00:00,384.1400146484375,382.4100036621094,-0.0045239689593914445,False,354.74342651367186,0.08286718213123168,0.054605393681365744,0.05876193951224695,0.049820410860718534,0.9071470035854533,0.9842112448702608,False,2.0,1,BAIXO,True,True,False,2,,,SEM_DADOS,False,AGUARDAR,0.0,0.0,1.0,False,,False,0.0,1.0,fundamentos não aprovados | queda -0.5% | Falling Score 1 | 2 confirmações | condições insuficientes para entrada,2026-08-25 23:48:22.368540+00:00
PYPL,2026-08-25 00:00:00,62.27000045776367,305.88092041015625,0.7964240451013888,False,52.84700012207031,0.17830719461705202,0.0304484551265225,0.055423736572265625,0.06772978024020815,0.9412654372353984,0.9125490616995292,False,1.0,1,BAIXO,True,False,False,1,0.07213451418303163,-0.06201550387596899,NAO_APROVADO,False,AGUARDAR,0.0,0.0,1.0,False,,False,0.0,1.0,fundamentos não aprovados | queda 79.6% | Falling Score 1 | 1 confirmações | condições insuficientes para entrada,2026-08-25 23:48:22.368540+00:00
ADBE,2026-08-25 00:00:00,273.9200134277344,688.3699951171875,0.6020744434377874,False,235.2951983642578,0.16415471004929705,0.04096677882191058,0.03871685678771675,0.09928574315412009,0.6362107397796937,0.6998508644339293,False,1.0,1,BAIXO,True,False,False,1,0.12685169419376807,0.07868020304568524,NAO_APROVADO,False,AGUARDAR,0.0,0.0,1.0,False,,False,0.0,1.0,fundamentos não aprovados | queda 60.2% | Falling Score 1 | 1 confirmações | condições insuficientes para entrada,2026-08-25 23:48:22.368540+00:00
ORCL,2026-08-25 00:00:00,144.75999450683594,324.6299743652344,0.5540769308506013,False,143.61855575561523,0.00794771083176049,0.013796493545283006,-0.00494914243777933,0.2067355419442758,0.47421476603714857,0.5882334168408623,True,1.0,1,BAIXO,True,False,False,1,0.21656050955414008,0.2450980392156863,CRESCIMENTO_FORTE,True,AGUARDAR,0.0,0.0,1.0,False,,False,0.0,1.0,fundamentos aprovados | queda 55.4% | Falling Score 1 | 1 confirmações | condições insuficientes para entrada,2026-08-25 23:48:22.368540+00:00
NOW,2026-08-25 00:00:00,127.0,234.0780029296875,0.4574458154526022,False,109.91720016479492,0.15541516532074562,0.0628504667377483,-0.004233972962607968,0.1480744607369311,0.6023719454480075,0.3774839822322212,False,1.0,1,BAIXO,True,False,False,1,0.2401244167962675,-0.8423913043478262,NAO_APROVADO,False,AGUARDAR,0.0,0.0,1.0,False,,False,0.0,1.0,fundamentos não aprovados | queda 45.7% | Falling Score 1 | 1 confirmações | condições insuficientes para entrada,2026-08-25 23:48:22.368540+00:00
DIS,2026-08-25 00:00:00,111.25,195.76449584960938,0.43171513548879303,False,100.13815185546875,0.11096518098885211,0.07022610164570331,0.07456777080776811,0.12498736663603793,0.6260278726569032,0.8119883417804147,False,1.0,1,BAIXO,True,False,False,1,0.06756871035940804,-0.48287671232876705,NAO_APROVADO,False,AGUARDAR,0.0,0.0,1.0,False,,False,0.0,1.0,fundamentos não aprovados | queda 43.2% | Falling Score 1 | 1 confirmações | condições insuficientes para entrada,2026-08-25 23:48:22.368540+00:00
SOFI,2026-08-25 00:00:00,19.0,32.209999084472656,0.4101210636432693,False,17.752999954223633,0.07024165205834376,0.07587769899014196,0.0567297265702158,0.1350059892343043,0.6604519276658564,0.9789469034721748,False,1.0,1,BAIXO,True,False,False,1,0.011106721969846634,0.5,NAO_APROVADO,False,AGUARDAR,0.0,0.0,1.0,False,,False,0.0,1.0,fundamentos não aprovados | queda 41.0% | Falling Score 1 | 1 confirmações | condições insuficientes para entrada,2026-08-25 23:48:22.368540+00:00
PFE,2026-08-25 00:00:00,28.56999969482422,47.42331314086914,0.39755369663949613,False,25.215483131408693,0.13303399922712966,0.04844035577336592,0.07325314778791636,0.13148513642868198,0.789182119881162,0.9864861730068845,False,1.0,1,BAIXO,True,False,False,1,0.026001501399030902,,NAO_APROVADO,False,AGUARDAR,0.0,0.0,1.0,False,,False,0.0,1.0,fundamentos não aprovados | queda 39.8% | Falling Score 1 | 1 confirmações | condições insuficientes para entrada,2026-08-25 23:48:22.368540+00:00
NFLX,2026-08-25 00:00:00,82.2300033569336,133.91299438476562,0.38594455500960445,False,74.53299942016602,0.10326974624189122,0.05734868080728939,0.09947857133749038,0.13593043307432673,0.8977527029128551,0.926350752325654,False,1.0,1,BAIXO,True,False,False,1,0.13365374252899542,-0.8887343532684284,NAO_APROVADO,False,AGUARDAR,0.0,0.0,1.0,False,,False,0.0,1.0,fundamentos não aprovados | queda 38.6% | Falling Score 1 | 1 confirmações | condições insuficientes para entrada,2026-08-25 23:48:22.368540+00:00
UNH,2026-08-25 00:00:00,396.5899963378906,599.775634765625,0.3387694108433289,False,413.417998046875,-0.04070456968125602,0.006752478134607776,-0.013923782464810186,-0.07509506183761239,0.6084627372819839,0.2844575304951718,False,1.0,1,BAIXO,True,False,False,1,0.003727064220183429,0.6149732620320856,NAO_APROVADO,False,AGUARDAR,0.0,0.0,1.0,False,,False,0.0,1.0,fundamentos não aprovados | queda 33.9% | Falling Score 1 | 1 confirmações | condições insuficientes para entrada,2026-08-25 23:48:22.368540+00:00
MELI,2026-08-25 00:00:00,1997.0,2613.6298828125,0.23592854017606768,True,1803.99119140625,0.10698988415974231,0.1224524115908956,0.029381443298968968,0.0722032402650874,0.8702076009549039,0.8286613629737176,False,1.0,1,BAIXO,True,False,False,1,0.46887362065375804,-0.10863239573229888,NAO_APROVADO,False,AGUARDAR,0.0,0.0,1.0,False,,False,0.0,1.0,fundamentos não aprovados | queda 23.6% | Falling Score 1 | 1 confirmações | condições insuficientes para entrada,2026-08-25 23:48:22.368540+00:00
UBER,2026-08-25 00:00:00,80.3499984741211,100.0999984741211,0.19730270031028996,False,73.3402001953125,0.09557920840331469,0.07621208857373052,0.023045550515596203,0.13584960277859226,0.7221827865437406,0.9639875731766595,False,1.0,1,BAIXO,True,False,False,1,0.12172950754881029,0.857142857142857,CRESCIMENTO_FORTE,True,AGUARDAR,0.0,0.0,1.0,False,,False,0.0,1.0,fundamentos aprovados | queda 19.7% | Falling Score 1 | 1 confirmações | condições insuficientes para entrada,2026-08-25 23:48:22.368540+00:00
AMD,2026-08-25 00:00:00,479.17999267578125,580.9099731445312,0.17512176614574915,False,508.9524005126953,-0.05849743081459624,-0.010755840985775866,0.010246216217989934,0.0540231354150249,0.7334003291494233,0.8133540875901656,False,1.0,1,BAIXO,True,False,False,1,0.5011060507482108,1.5555555555555554,CRESCIMENTO_FORTE,True,AGUARDAR,0.0,0.0,1.0,False,,False,0.0,1.0,fundamentos aprovados | queda 17.5% | Falling Score 1 | 1 confirmações | condições insuficientes para entrada,2026-08-25 23:48:22.368540+00:00
SHOP,2026-08-25 00:00:00,153.8800048828125,179.00999450683594,0.14038316515932736,False,128.28160018920897,0.19954852960866676,0.0498021760169689,0.00832189415753648,0.1811483445244395,0.5199680035446698,0.8533838899533058,False,1.0,1,BAIXO,True,False,False,1,0.33694029850746277,0.681159420289855,CRESCIMENTO_FORTE,True,AGUARDAR,0.0,0.0,1.0,False,,False,0.0,1.0,fundamentos aprovados | queda 14.0% | Falling Score 1 | 1 confirmações | condições insuficientes para entrada,2026-08-25 23:48:22.368540+00:00
GOOGL,2026-08-25 00:00:00,346.9599914550781,402.3796691894531,0.13772981583789135,False,351.3205993652344,-0.01241204733805823,0.008018533266020977,0.009191401321434256,0.039705134216167615,0.77463293606774,0.29670344411281396,False,0.0,1,BAIXO,True,False,False,1,0.2423362508814868,2.9437229437229435,CRESCIMENTO_FORTE,True,AGUARDAR,0.0,0.0,1.0,False,,False,0.0,1.0,fundamentos aprovados | queda 13.8% | Falling Score 1 | 1 confirmações | condições insuficientes para entrada,2026-08-25 23:48:22.368540+00:00
AAPL,2026-08-25 00:00:00,309.8999938964844,339.78692626953125,0.08795786436273734,False,310.67348205566407,-0.0024897141335066264,-0.00041933001104532686,0.016365452672732594,-0.08795786436273734,0.4910024034389445,0.3147121002023141,False,0.0,1,BAIXO,True,False,False,1,0.16356501765281384,0.286624203821656,CRESCIMENTO_FORTE,True,AGUARDAR,0.0,0.0,1.0,False,,False,0.0,1.0,fundamentos aprovados | queda 8.8% | Falling Score 1 | 1 confirmações | condições insuficientes para entrada,2026-08-25 23:48:22.368540+00:00
MSFT,2026-08-25 00:00:00,491.7099914550781,537.6464233398438,0.08543985394603737,False,423.08011352539063,0.16221485183460116,0.02285080658830485,-0.02217968559687422,0.252410440857161,0.5299828594548661,0.9108782749617358,False,1.0,1,BAIXO,True,False,False,1,0.18297034224873698,0.23410404624277437,CRESCIMENTO_FORTE,True,AGUARDAR,0.0,0.0,1.0,False,,False,0.0,1.0,fundamentos aprovados | queda 8.5% | Falling Score 1 | 1 confirmações | condições insuficientes para entrada,2026-08-25 23:48:22.368540+00:00
AMZN,2026-08-25 00:00:00,261.05999755859375,284.0199890136719,0.08083935054998148,False,250.59019958496094,0.04178055642628231,0.0062053778215966915,-0.04117233594377245,0.1308151991180755,0.5343772192680096,0.3043149986786968,False,0.0,1,BAIXO,True,False,False,1,0.19620517346245125,2.422619047619048,CRESCIMENTO_FORTE,True,AGUARDAR,0.0,0.0,1.0,False,,False,0.0,1.0,fundamentos aprovados | queda 8.1% | Falling Score 1 | 1 confirmações | condições insuficientes para entrada,2026-08-25 23:48:22.368540+00:00
XOM,2026-08-25 00:00:00,160.63999938964844,169.21827697753906,0.05069356420068771,False,148.77191589355468,0.07977368191309231,-0.0297173124033423,0.011765760776959677,0.0564569120402556,1.2218310437440625,0.0688188697324294,False,0.0,1,BAIXO,True,False,False,1,,,SEM_DADOS,False,AGUARDAR,0.0,0.0,1.0,False,,False,0.0,1.0,fundamentos não aprovados | queda 5.1% | Falling Score 1 | 1 confirmações | condições insuficientes para entrada,2026-08-25 23:48:22.368540+00:00
JNJ,2026-08-25 00:00:00,273.1400146484375,273.4100036621094,0.000987487692679756,False,256.1675994873047,0.06625512045669124,0.007487844072738836,0.051347295928663605,0.024031805189097977,0.6038521631735148,0.8174635894760754,False,1.0,1,BAIXO,True,False,False,1,0.06599839952828201,-0.008733624454148492,NAO_APROVADO,False,AGUARDAR,0.0,0.0,1.0,False,,False,0.0,1.0,fundamentos não aprovados | queda 0.1% | Falling Score 1 | 1 confirmações | condições insuficientes para entrada,2026-08-25 23:48:22.368540+00:00
MCD,2026-08-25 00:00:00,268.1000061035156,336.88055419921875,0.2041689472376872,True,271.946201171875,-0.014143220430310355,0.004157518670142579,-0.022068166797965194,-0.018020595956839913,0.7052626222511806,0.026257270499302165,False,3.0,2,MODERADO,True,True,False,2,0.03741049247406103,0.0573248407643312,NAO_APROVADO,False,AGUARDAR,0.0,0.0,1.0,False,,False,0.0,1.0,fundamentos não aprovados | queda 20.4% | Falling Score 2 | 2 confirmações | condições insuficientes para entrada,2026-08-25 23:48:22.368540+00:00
GE,2026-08-25 00:00:00,349.5400085449219,381.2200012207031,0.0831016016324927,False,360.1147180175781,-0.029364835547043833,-0.06811695337764401,-0.05031785343834749,-0.03864239372502387,0.8778960640511064,0.9204166864661376,False,3.0,2,MODERADO,True,True,False,2,0.21101333575251746,0.1957671957671958,CRESCIMENTO_FORTE,True,AGUARDAR,0.0,0.0,1.0,False,,False,0.0,1.0,fundamentos aprovados | queda 8.3% | Falling Score 2 | 2 confirmações | condições insuficientes para entrada,2026-08-25 23:48:22.368540+00:00
GM,2026-08-25 00:00:00,85.80999755859375,90.30000305175781,0.04972320422393006,False,82.35119995117188,0.04200057327000306,0.02508659057566076,-0.03961948490186773,-0.04972320422393006,0.8905677035438108,0.13178143278744758,False,2.0,2,MODERADO,True,True,False,2,0.020830903450045568,-0.26178010471204194,NAO_APROVADO,False,AGUARDAR,0.0,0.0,1.0,False,,False,0.0,1.0,fundamentos não aprovados | queda 5.0% | Falling Score 2 | 2 confirmações | condições insuficientes para entrada,2026-08-25 23:48:22.368540+00:00
CRM,2026-08-25 00:00:00,205.69000244140625,363.2192077636719,0.4337028492853324,False,176.24320007324218,0.16708050214661752,0.048689727141203454,0.041626582113178934,0.1332782503658747,0.8116299097403706,0.1645576605760263,False,1.0,2,MODERADO,True,False,False,1,0.13266863363516124,0.5220125786163521,CRESCIMENTO_FORTE,True,AGUARDAR,0.0,0.0,1.0,False,,False,0.0,1.0,fundamentos aprovados | queda 43.4% | Falling Score 2 | 1 confirmações | condições insuficientes para entrada,2026-08-25 23:48:22.368540+00:00
WMT,2026-08-25 00:00:00,105.37999725341797,133.87948608398438,0.21287420249498346,True,112.74878646850586,-0.06535581841624705,-0.0830531183066382,-0.06734700629854906,-0.0660275675479034,0.9773172072284002,0.5868244323632875,False,1.0,2,MODERADO,True,False,False,1,0.0713680243442838,0.1964285714285714,NAO_APROVADO,False,AGUARDAR,0.0,0.0,1.0,False,,False,0.0,1.0,fundamentos não aprovados | queda 21.3% | Falling Score 2 | 1 confirmações | condições insuficientes para entrada,2026-08-25 23:48:22.368540+00:00
COST,2026-08-25 00:00:00,960.010009765625,1092.5828857421875,0.12133896449101544,False,946.8814196777344,0.013865083647283782,-0.0013938376807007824,0.01661513292074024,-0.006797168582068913,0.7070068970677441,0.013528205551656276,False,1.0,2,MODERADO,True,False,False,1,0.11584526540621787,0.1518691588785046,CRESCIMENTO_FORTE,True,AGUARDAR,0.0,0.0,1.0,False,,False,0.0,1.0,fundamentos aprovados | queda 12.1% | Falling Score 2 | 1 confirmações | condições insuficientes para entrada,2026-08-25 23:48:22.368540+00:00
SBUX,2026-08-25 00:00:00,105.76000213623047,111.53936767578125,0.05181458044795484,False,104.11308609008789,0.01581853067651373,-0.0023582680403942957,-0.0027420291231333715,0.0316929359770497,0.7480827584066058,0.22711967380747625,False,1.0,2,MODERADO,True,False,False,1,-0.014096869712351912,0.8571428571428572,NAO_APROVADO,False,AGUARDAR,0.0,0.0,1.0,False,,False,0.0,1.0,fundamentos não aprovados | queda 5.2% | Falling Score 2 | 1 confirmações | condições insuficientes para entrada,2026-08-25 23:48:22.368540+00:00
LLY,2026-08-25 00:00:00,1233.6600341796875,1280.3399658203125,0.03645901314243305,False,1181.904052734375,0.043790340954981355,0.0064696579485679084,0.016796319945637572,0.012098238437196596,0.7463384768245516,0.11076135109073885,False,1.0,2,MODERADO,True,False,False,1,0.47669642684972713,0.26232114467408585,CRESCIMENTO_FORTE,True,AGUARDAR,0.0,0.0,1.0,False,,False,0.0,1.0,fundamentos aprovados | queda 3.6% | Falling Score 2 | 1 confirmações | condições insuficientes para entrada,2026-08-25 23:48:22.368540+00:00
CVX,2026-08-25 00:00:00,199.88999938964844,207.42335510253906,0.03631874390020606,False,184.83252990722656,0.081465473041892,-0.019954928369503855,0.025294743091093697,0.07492521059112223,0.9383985136717559,0.04474544796651943,False,1.0,2,MODERADO,True,False,False,1,0.5143436619718309,3.2137931034482765,CRESCIMENTO_FORTE,True,AGUARDAR,0.0,0.0,1.0,False,,False,0.0,1.0,fundamentos aprovados | queda 3.6% | Falling Score 2 | 1 confirmações | condições insuficientes para entrada,2026-08-25 23:48:22.368540+00:00
BA,2026-08-25 00:00:00,211.0800018310547,430.29998779296875,0.5094584991422029,False,221.48739959716798,-0.04698866745937613,-0.05370750407361646,-0.09500944580778126,-0.04730093808909486,0.7959573327977572,0.34275639332064467,False,0.0,3,ALTO,True,False,False,1,0.07960789485252096,,NAO_APROVADO,False,AGUARDAR,0.0,0.0,1.0,False,,False,0.0,1.0,fundamentos não aprovados | queda 50.9% | Falling Score 3 | 1 confirmações | condições insuficientes para entrada,2026-08-25 23:48:22.368540+00:00
AVGO,2026-08-25 00:00:00,356.739990234375,480.8090515136719,0.2580422745551598,True,387.4102276611328,-0.07916734055246732,-0.06121055201480263,-0.14261680026175527,-0.0634533438223236,0.8989802838157818,0.1851350813671269,False,0.0,4,ALTO,True,False,False,1,0.47873900293255134,0.8543689320388348,CRESCIMENTO_FORTE,True,AGUARDAR,0.0,0.0,1.0,False,,False,0.0,1.0,fundamentos aprovados | queda 25.8% | Falling Score 4 | 1 confirmações | condições insuficientes para entrada,2026-08-25 23:48:22.368540+00:00
INTC,2026-08-25 00:00:00,87.4800033569336,140.94000244140625,0.37931033176118945,False,106.84559982299805,-0.1812484229406338,-0.0952528581230917,-0.10469753171008611,0.0136732359611631,0.7209890720206104,0.06574480329885586,False,0.0,6,ALTO,False,False,False,0,0.25421883505715837,,NAO_APROVADO,False,AGUARDAR,0.0,0.0,1.0,False,,False,0.0,1.0,fundamentos não aprovados | queda 37.9% | Falling Score 6 | 0 confirmações | condições insuficientes para entrada,2026-08-25 23:48:22.368540+00:00
